<?xml version="1.0" encoding="ISO-8859-1"?>
<!--Cumulus WebTag XML Data file - version 1.12-->
<weatherdata>
<item name="tempunit">
	<value><![CDATA[<#tempunit>]]></value>
	<unit></unit>
	<image></image>
	<class>unit</class>
	<description>Temperature Unit</description>
</item>
<item name="tempunitnodeg">
	<value><![CDATA[<#tempunitnodeg>]]></value>
	<unit></unit>
	<image></image>
	<class>unit</class>
	<description>Temperature Unit, without a degree symbol, i.e. F or C</description>
</item>
<item name="pressunit">
	<value><![CDATA[<#pressunit>]]></value>
	<unit></unit>
	<image></image>
	<class>unit</class>
	<description>Pressure Unit</description>
</item>
<item name="rainunit">
	<value><![CDATA[<#rainunit>]]></value>
	<unit></unit>
	<image></image>
	<class>unit</class>
	<description>Rain Unit</description>
</item>
<item name="windunit">
	<value><![CDATA[<#windunit>]]></value>
	<unit></unit>
	<image></image>
	<class>unit</class>
	<description>Wind Unit</description>
</item>
<item name="windrununit">
	<value><![CDATA[<#windrununit>]]></value>
	<unit></unit>
	<image></image>
	<class>unit</class>
	<description>Wind Run Unit</description>
</item>
<item name="cloudbaseunit">
	<value><![CDATA[<#cloudbaseunit>]]></value>
	<unit></unit>
	<image></image>
	<class>unit</class>
	<description>Cloudbase Unit, i.e. ft or m</description>
</item>
<item name="date">
	<value><#date></value>
	<unit></unit>
	<image></image>
	<class>dynamic</class>
	<description>The current date</description>
</item>
<item name="time">
	<value><#time></value>
	<unit></unit>
	<image></image>
	<class>dynamic</class>
	<description>The current time and date</description>
</item>
<item name="timehhmmss">
	<value><#timehhmmss></value>
	<unit></unit>
	<image></image>
	<class>dynamic</class>
	<description>The current time</description>
</item>
<item name="timeUTC">
	<value><#timeUTC></value>
	<unit></unit>
	<image></image>
	<class>dynamic</class>
	<description>The UTC current time and date</description>
</item>
<item name="day">
	<value><#day></value>
	<unit></unit>
	<image></image>
	<class>dynamic</class>
	<description>The current day as a 2-digit number</description>
</item>
<item name="dayname">
	<value><#dayname></value>
	<unit></unit>
	<image></image>
	<class>dynamic</class>
	<description>The current day as a word</description>
</item>
<item name="shortdayname">
	<value><#shortdayname></value>
	<unit></unit>
	<image></image>
	<class>dynamic</class>
	<description>The current day as a shortened word</description>
</item>
<item name="month">
	<value><#month></value>
	<unit></unit>
	<image></image>
	<class>dynamic</class>
	<description>The current month as a 2-digit number</description>
</item>
<item name="monthname">
	<value><#monthname></value>
	<unit></unit>
	<image></image>
	<class>dynamic</class>
	<description>The current month as a word</description>
</item>
<item name="shortmonthname">
	<value><#shortmonthname></value>
	<unit></unit>
	<image></image>
	<class>dynamic</class>
	<description>The current month as a shortened word</description>
</item>
<item name="year">
	<value><#year></value>
	<unit></unit>
	<image></image>
	<class>dynamic</class>
	<description>The current year as a 4-digit number</description>
</item>
<item name="shortyear">
	<value><#shortyear></value>
	<unit></unit>
	<image></image>
	<class>dynamic</class>
	<description>The current year as a 2-digit number</description>
</item>
<item name="hour">
	<value><#hour></value>
	<unit></unit>
	<image></image>
	<class>dynamic</class>
	<description>The current hour as a 2-digit number</description>
</item>
<item name="minute">
	<value><#minute></value>
	<unit></unit>
	<image></image>
	<class>dynamic</class>
	<description>The current minute as a 2-digit number</description>
</item>
<item name="apptemp">
	<value><#apptemp></value>
	<unit><![CDATA[<#tempunit>]]></unit>
	<image></image>
	<class>dynamic</class>
	<description>The 'apparent' temperature (formula from Australian BOM).</description>
</item>
<item name="avgtemp">
	<value><#avgtemp></value>
	<unit><![CDATA[<#tempunit>]]></unit>
	<image></image>
	<class>dynamic</class>
	<description>The average outside temperature for today so far. Calculated from samples taken at 1-minute intervals.</description>
</item>
<item name="temp">
	<value><#temp></value>
	<unit><![CDATA[<#tempunit>]]></unit>
	<image></image>
	<class>dynamic</class>
	<description>The outside temperature</description>
</item>
<item name="intemp">
	<value><#intemp></value>
	<unit><![CDATA[<#tempunit>]]></unit>
	<image></image>
	<class>dynamic</class>
	<description>The inside temperature</description>
</item>
<item name="temptrend">
	<value><#temptrend></value>
	<unit><![CDATA[<#tempunit>/hr]]></unit>
	<image></image>
	<class>dynamic</class>
	<description>The change in temperature over the last hour</description>
</item>
<item name="temptrendtext">
	<value><#temptrendtext></value>
	<unit></unit>
	<image></image>
	<class>dynamic</class>
	<description>The change in temperature over the last hour in words</description>
</item>
<item name="temptrendenglish">
	<value><#temptrendenglish></value>
	<unit></unit>
	<image></image>
	<class>dynamic</class>
	<description>A single word description of temperature change over the last hour. Useful for Javascript coding.</description>
</item>
<item name="heatindex">
	<value><#heatindex></value>
	<unit><![CDATA[<#tempunit>]]></unit>
	<image></image>
	<class>dynamic</class>
	<description>Current heat index</description>
</item>
<item name="humidex">
	<value><#humidex></value>
	<unit></unit>
	<image></image>
	<class>dynamic</class>
	<description>Current Humidex</description>
</item>
<item name="hum">
	<value><#hum></value>
	<unit>%</unit>
	<image></image>
	<class>dynamic</class>
	<description>The outside humidity</description>
</item>
<item name="inhum">
	<value><#inhum></value>
	<unit>%</unit>
	<image></image>
	<class>dynamic</class>
	<description>The inside humidity</description>
</item>
<item name="dew">
	<value><#dew></value>
	<unit><![CDATA[<#tempunit>]]></unit>
	<image></image>
	<class>dynamic</class>
	<description>The outside dew point</description>
</item>
<item name="wchill">
	<value><#wchill></value>
	<unit><![CDATA[<#tempunit>]]></unit>
	<image></image>
	<class>dynamic</class>
	<description>The current wind chill temperature</description>
</item>
<item name="wetbulb">
	<value><#wetbulb></value>
	<unit><![CDATA[<#tempunit>]]></unit>
	<image></image>
	<class>dynamic</class>
	<description>Estimated wet bulb temperature, currently only available via web tag</description>
</item>
<item name="rfall">
	<value><#rfall></value>
	<unit><![CDATA[&nbsp;<#rainunit>]]></unit>
	<image></image>
	<class>dynamic</class>
	<description>The total rainfall so far today</description>
</item>
<item name="rrate">
	<value><#rrate></value>
	<unit><![CDATA[&nbsp;<#rainunit>/hr]]></unit>
	<image></image>
	<class>dynamic</class>
	<description>The current rainfall rate</description>
</item>
<item name="rhour">
	<value><#rhour></value>
	<unit><![CDATA[&nbsp;<#rainunit>]]></unit>
	<image></image>
	<class>dynamic</class>
	<description>The rainfall in the last hour</description>
</item>
<item name="rmidnight">
	<value><#rmidnight></value>
	<unit><![CDATA[&nbsp;<#rainunit>]]></unit>
	<image></image>
	<class>dynamic</class>
	<description>The total rainfall since midnight</description>
</item>
<item name="r24hour">
	<value><#r24hour></value>
	<unit><![CDATA[&nbsp;<#rainunit>]]></unit>
	<image></image>
	<class>dynamic</class>
	<description>The total rainfall in the last 24hrs</description>
</item>
<item name="LastRainTipISO">
	<value><#LastRainTipISO></value>
	<unit></unit>
	<image></image>
	<class>dynamic</class>
	<description>The date and time of the last rain gauge tip, in ISO 8601 format: yyyy-mm-dd hh:mm</description>
</item>
<item name="press">
	<value><#press></value>
	<unit><![CDATA[&nbsp;<#pressunit>]]></unit>
	<image></image>
	<class>dynamic</class>
	<description>The sea level pressure</description>
</item>
<item name="presstrend">
	<value><#presstrend></value>
	<unit></unit>
	<image></image>
	<class>dynamic</class>
	<description>The pressure trend in words</description>
</item>
<item name="presstrendval">
	<value><#presstrendval></value>
	<unit><![CDATA[&nbsp;<#pressunit>/hr]]></unit>
	<image></image>
	<class>dynamic</class>
	<description>The pressure trend in figures</description>
</item>
<item name="presstrendenglish">
	<value><#presstrendenglish></value>
	<unit></unit>
	<image></image>
	<class>dynamic</class>
	<description>A single word description for the pressure trend. Useful in Javascript coding.</description>
</item>
<item name="altimeterpressure">
	<value><#altimeterpressure></value>
	<unit><![CDATA[&nbsp;<#pressunit>]]></unit>
	<image></image>
	<class>dynamic</class>
	<description>The pressure corrected to sea level pressure using altitude. (Same as sea-level pressure for non-Davis stations.)</description>
</item>
<item name="wlatest">
	<value><#wlatest></value>
	<unit><![CDATA[&nbsp;<#windunit>]]></unit>
	<image></image>
	<class>dynamic</class>
	<description>Latest wind speed reading from console</description>
</item>
<item name="bearing">
	<value><#bearing></value>
	<unit><![CDATA[&deg;]]></unit>
	<image></image>
	<class>dynamic</class>
	<description>The current wind bearing</description>
</item>
<item name="currentwdir">
	<value><#currentwdir></value>
	<unit></unit>
	<image></image>
	<class>dynamic</class>
	<description>Current (latest) wind bearing as read from the console as a compass point</description>
</item>
<item name="wspeed">
	<value><#wspeed></value>
	<unit><![CDATA[&nbsp;<#windunit>]]></unit>
	<image></image>
	<class>dynamic</class>
	<description>The current wind speed reading</description>
</item>
<item name="avgbearing">
	<value><#avgbearing></value>
	<unit><![CDATA[&deg;]]></unit>
	<image></image>
	<class>dynamic</class>
	<description>Average wind bearing over last 10 minutes</description>
</item>
<item name="wdir">
	<value><#wdir></value>
	<unit></unit>
	<image></image>
	<class>dynamic</class>
	<description>Average wind bearing as a compass point</description>
</item>
<item name="wgust">
	<value><#wgust></value>
	<unit><![CDATA[&nbsp;<#windunit>]]></unit>
	<image></image>
	<class>dynamic</class>
	<description>The current wind gust reading</description>
</item>
<item name="wdirdata">
	<value><#wdirdata></value>
	<unit><![CDATA[&deg;]]></unit>
	<image></image>
	<class>dynamic</class>
	<description>Comma separated list of recent wind bearing readings</description>
</item>
<item name="wspddata">
	<value><#wspddata></value>
	<unit><![CDATA[&nbsp;<#windunit>]]></unit>
	<image></image>
	<class>dynamic</class>
	<description>Comma separated list of recent wind speed readings</description>
</item>
<item name="nextwindindex">
	<value><#nextwindindex></value>
	<unit></unit>
	<image></image>
	<class>dynamic</class>
	<description>The index of the entries in wdirdata and wspddata which Cumulus is going to use next - i.e. the latest entry used is one less than this; but don't forget to allow for the wrap around! </description>
</item>
<item name="beaufort">
	<value><#beaufort></value>
	<unit></unit>
	<image></image>
	<class>dynamic</class>
	<description>The wind speed on the Beaufort scale</description>
</item>
<item name="beaufortnumber">
	<value><#beaufortnumber></value>
	<unit></unit>
	<image></image>
	<class>dynamic</class>
	<description>The wind speed on the Beaufort scale, without the leading F</description>
</item>
<item name="beaudesc">
	<value><#beaudesc></value>
	<unit></unit>
	<image></image>
	<class>dynamic</class>
	<description>The wind speed Beaufort description</description>
</item>
<item name="cloudbase">
	<value><#cloudbase></value>
	<unit></unit>
	<image></image>
	<class>dynamic</class>
	<description>Calculated cloud base</description>
</item>
<item name="cloudbasevalue">
	<value><#cloudbasevalue></value>
	<unit></unit>
	<image></image>
	<class>dynamic</class>
	<description>Calculated cloud base, without units</description>
</item>
<item name="UV">
	<value><#UV></value>
	<unit></unit>
	<image></image>
	<class>dynamic</class>
	<description>Current UV index</description>
</item>
<item name="SolarRad">
	<value><#SolarRad></value>
	<unit></unit>
	<image></image>
	<class>dynamic</class>
	<description>Current solar radiation</description>
</item>
<item name="forecast">
	<value><#forecast></value>
	<unit></unit>
	<image></image>
	<class>dynamic</class>
	<description>The current forecast</description>
</item>
<item name="forecastnumber">
	<value><#forecastnumber></value>
	<unit></unit>
	<image></image>
	<class>dynamic</class>
	<description>The number relating to the current forecast entry in the strings.ini file</description>
</item>
<item name="cumulusforecast">
	<value><#cumulusforecast></value>
	<unit></unit>
	<image></image>
	<class>dynamic</class>
	<description>Always gives Cumulus (Zambretti) forecast, even if the forecast tag provides a station forecast</description>
</item>
<item name="wsforecast">
	<value><#wsforecast></value>
	<unit></unit>
	<image></image>
	<class>dynamic</class>
	<description>Always gives station forecast (if available)</description>
</item>
<item name="tempTH">
	<value><#tempTH></value>
	<unit><![CDATA[<#tempunit>]]></unit>
	<image></image>
	<class>dynamic</class>
	<description>Today's highest temperature</description>
</item>
<item name="TtempTH">
	<value><#TtempTH></value>
	<unit></unit>
	<image></image>
	<class>dynamic</class>
	<description>Time of Today's temperature high</description>
</item>
<item name="tempTL">
	<value><#tempTL></value>
	<unit><![CDATA[<#tempunit>]]></unit>
	<image></image>
	<class>dynamic</class>
	<description>Today's lowest temperature</description>
</item>
<item name="TtempTL">
	<value><#TtempTL></value>
	<unit></unit>
	<image></image>
	<class>dynamic</class>
	<description>Time of Today's temperature low</description>
</item>
<item name="temprange">
	<value><#temprange></value>
	<unit></unit>
	<image></image>
	<class>dynamic</class>
	<description>The temperature range (max - min) so far today</description>
</item>
<item name="apptempTH">
	<value><#apptempTH></value>
	<unit><![CDATA[<#tempunit>]]></unit>
	<image></image>
	<class>dynamic</class>
	<description>Today's highest 'apparent' temperature (formula from Australian BOM).</description>
</item>
<item name="TapptempTH">
	<value><#TapptempTH></value>
	<unit></unit>
	<image></image>
	<class>dynamic</class>
	<description>Time of Today's 'apparent' temperature high</description>
</item>
<item name="apptempTL">
	<value><#apptempTL></value>
	<unit><![CDATA[<#tempunit>]]></unit>
	<image></image>
	<class>dynamic</class>
	<description>Today's lowest 'apparent' temperature (formula from Australian BOM).</description>
</item>
<item name="TapptempTL">
	<value><#TapptempTL></value>
	<unit></unit>
	<image></image>
	<class>dynamic</class>
	<description>Time of Today's 'apparent' temperature low</description>
</item>
<item name="heatindexTH">
	<value><#heatindexTH></value>
	<unit><![CDATA[<#tempunit>]]></unit>
	<image></image>
	<class>dynamic</class>
	<description>Today's highest heat index</description>
</item>
<item name="TheatindexTH">
	<value><#TheatindexTH></value>
	<unit></unit>
	<image></image>
	<class>dynamic</class>
	<description>Time of Today's highest heat index</description>
</item>
<item name="wchillTL">
	<value><#wchillTL></value>
	<unit><![CDATA[<#tempunit>]]></unit>
	<image></image>
	<class>dynamic</class>
	<description>Today's lowest wind chill temperature</description>
</item>
<item name="TwchillTL">
	<value><#TwchillTL></value>
	<unit></unit>
	<image></image>
	<class>dynamic</class>
	<description>Time of Today's lowest wind chill temperature</description>
</item>
<item name="dewpointTH">
	<value><#dewpointTH></value>
	<unit><![CDATA[<#tempunit>]]></unit>
	<image></image>
	<class>dynamic</class>
	<description>Today's highest dew point</description>
</item>
<item name="TdewpointTH">
	<value><#TdewpointTH></value>
	<unit></unit>
	<image></image>
	<class>dynamic</class>
	<description>Time of Today's highest dew point</description>
</item>
<item name="dewpointTL">
	<value><#dewpointTL></value>
	<unit><![CDATA[<#tempunit>]]></unit>
	<image></image>
	<class>dynamic</class>
	<description>Today's lowest dew point</description>
</item>
<item name="TdewpointTL">
	<value><#TdewpointTL></value>
	<unit></unit>
	<image></image>
	<class>dynamic</class>
	<description>Time of Today's lowest dew point</description>
</item>
<item name="humTH">
	<value><#humTH></value>
	<unit>%</unit>
	<image></image>
	<class>dynamic</class>
	<description>Today's highest outside humidity</description>
</item>
<item name="ThumTH">
	<value><#ThumTH></value>
	<unit></unit>
	<image></image>
	<class>dynamic</class>
	<description>Time of Today's highest outside humidity</description>
</item>
<item name="humTL">
	<value><#humTL></value>
	<unit>%</unit>
	<image></image>
	<class>dynamic</class>
	<description>Today's lowest outside humidity</description>
</item>
<item name="ThumTL">
	<value><#ThumTL></value>
	<unit></unit>
	<image></image>
	<class>dynamic</class>
	<description>Time of Today's lowest outside humidity</description>
</item>
<item name="rrateTM">
	<value><#rrateTM></value>
	<unit><![CDATA[&nbsp;<#rainunit>/hr]]></unit>
	<image></image>
	<class>dynamic</class>
	<description>Today's maximum rain rate</description>
</item>
<item name="TrrateTM">
	<value><#TrrateTM></value>
	<unit></unit>
	<image></image>
	<class>dynamic</class>
	<description>Time of Today's maximum Rain Rate</description>
</item>
<item name="hourlyrainTH">
	<value><#hourlyrainTH></value>
	<unit><![CDATA[&nbsp;<#rainunit>]]></unit>
	<image></image>
	<class>dynamic</class>
	<description>Today's highest hourly rainfall</description>
</item>
<item name="ThourlyrainTH">
	<value><#ThourlyrainTH></value>
	<unit></unit>
	<image></image>
	<class>dynamic</class>
	<description>Time of Today's highest hourly rainfall</description>
</item>
<item name="pressTH">
	<value><#pressTH></value>
	<unit><![CDATA[&nbsp;<#pressunit>]]></unit>
	<image></image>
	<class>dynamic</class>
	<description>Today's highest pressure reading</description>
</item>
<item name="TpressTH">
	<value><#TpressTH></value>
	<unit></unit>
	<image></image>
	<class>dynamic</class>
	<description>Time of Today's highest pressure reading</description>
</item>
<item name="pressTL">
	<value><#pressTL></value>
	<unit><![CDATA[&nbsp;<#pressunit>]]></unit>
	<image></image>
	<class>dynamic</class>
	<description>Today's lowest pressure reading</description>
</item>
<item name="TpressTL">
	<value><#TpressTL></value>
	<unit></unit>
	<image></image>
	<class>dynamic</class>
	<description>Time of Today's lowest pressure reading</description>
</item>
<item name="windTM">
	<value><#windTM></value>
	<unit><![CDATA[&nbsp;<#windunit>]]></unit>
	<image></image>
	<class>dynamic</class>
	<description>Today's maximum wind speed</description>
</item>
<item name="TwindTM">
	<value><#TwindTM></value>
	<unit></unit>
	<image></image>
	<class>dynamic</class>
	<description>Time of Today's maximum wind speed</description>
</item>
<item name="wgustTM">
	<value><#wgustTM></value>
	<unit><![CDATA[&nbsp;<#windunit>]]></unit>
	<image></image>
	<class>dynamic</class>
	<description>Today's maximum wind gust</description>
</item>
<item name="TwgustTM">
	<value><#TwgustTM></value>
	<unit></unit>
	<image></image>
	<class>dynamic</class>
	<description>Time of Today's maximum wind gust</description>
</item>
<item name="bearingTM">
	<value><#bearingTM></value>
	<unit><![CDATA[&deg;]]></unit>
	<image></image>
	<class>dynamic</class>
	<description>Today's mean wind bearing</description>
</item>
<item name="Tbeaufort">
	<value><#Tbeaufort></value>
	<unit></unit>
	<image></image>
	<class>dynamic</class>
	<description>Today's maximum Beaufort</description>
</item>
<item name="Tbeaufortnumber">
	<value><#Tbeaufortnumber></value>
	<unit></unit>
	<image></image>
	<class>dynamic</class>
	<description>Today's maximum Beaufort, without a leading F</description>
</item>
<item name="windrun">
	<value><#windrun></value>
	<unit><![CDATA[&nbsp;<#windrununit>]]></unit>
	<image></image>
	<class>dynamic</class>
	<description>The total wind run today so far</description>
</item>
<item name="domwindbearing">
	<value><#domwindbearing></value>
	<unit><![CDATA[&deg;]]></unit>
	<image></image>
	<class>dynamic</class>
	<description>Today's dominant wind direction in degrees</description>
</item>
<item name="domwinddir">
	<value><#domwinddir></value>
	<unit></unit>
	<image></image>
	<class>dynamic</class>
	<description>Today's dominant wind direction as compass point</description>
</item>
<item name="ET">
	<value><#ET></value>
	<unit></unit>
	<image></image>
	<class>dynamic</class>
	<description>Today's evapotranspiration</description>
</item>
<item name="heatdegdays">
	<value><#heatdegdays></value>
	<unit></unit>
	<image></image>
	<class>dynamic</class>
	<description>Today's heating degree days</description>
</item>
<item name="cooldegdays">
	<value><#cooldegdays></value>
	<unit></unit>
	<image></image>
	<class>dynamic</class>
	<description>Today's cooling degree days</description>
</item>
<item name="tempYH">
	<value><#tempYH></value>
	<unit><![CDATA[<#tempunit>]]></unit>
	<image></image>
	<class>dynamic</class>
	<description>Yesterday's highest temperature</description>
</item>
<item name="TtempYH">
	<value><#TtempYH></value>
	<unit></unit>
	<image></image>
	<class>dynamic</class>
	<description>Time of Yesterday's temperature high</description>
</item>
<item name="tempYL">
	<value><#tempYL></value>
	<unit><![CDATA[<#tempunit>]]></unit>
	<image></image>
	<class>dynamic</class>
	<description>Yesterday's lowest temperature</description>
</item>
<item name="TtempYL">
	<value><#TtempYL></value>
	<unit></unit>
	<image></image>
	<class>dynamic</class>
	<description>Time of Yesterday's temperature low</description>
</item>
<item name="temprangeY">
	<value><#temprangeY></value>
	<unit></unit>
	<image></image>
	<class>dynamic</class>
	<description>The temperature range (max - min) yesterday</description>
</item>
<item name="apptempYH">
	<value><#apptempYH></value>
	<unit><![CDATA[<#tempunit>]]></unit>
	<image></image>
	<class>dynamic</class>
	<description>Yesterday's highest 'apparent' temperature (formula from Australian BOM).</description>
</item>
<item name="TapptempYH">
	<value><#TapptempYH></value>
	<unit></unit>
	<image></image>
	<class>dynamic</class>
	<description>Time of yesterday's highest 'apparent' temperature (formula from Australian BOM).</description>
</item>
<item name="apptempYL">
	<value><#apptempYL></value>
	<unit><![CDATA[<#tempunit>]]></unit>
	<image></image>
	<class>dynamic</class>
	<description>Yesterday's lowest 'apparent' temperature (formula from Australian BOM).</description>
</item>
<item name="TapptempYL">
	<value><#TapptempYL></value>
	<unit></unit>
	<image></image>
	<class>dynamic</class>
	<description>Time of yesterday's lowest 'apparent' temperature (formula from Australian BOM).</description>
</item>
<item name="heatindexYH">
	<value><#heatindexYH></value>
	<unit><![CDATA[<#tempunit>]]></unit>
	<image></image>
	<class>dynamic</class>
	<description>Yesterday's highest heat index</description>
</item>
<item name="TheatindexYH">
	<value><#TheatindexYH></value>
	<unit></unit>
	<image></image>
	<class>dynamic</class>
	<description>Time of Yesterday's highest heat index</description>
</item>
<item name="wchillYL">
	<value><#wchillYL></value>
	<unit><![CDATA[<#tempunit>]]></unit>
	<image></image>
	<class>dynamic</class>
	<description>Yesterday's lowest wind chill temperature</description>
</item>
<item name="TwchillYL">
	<value><#TwchillYL></value>
	<unit></unit>
	<image></image>
	<class>dynamic</class>
	<description>Time of Yesterday's lowest wind chill temperature</description>
</item>
<item name="dewpointYL">
	<value><#dewpointYL></value>
	<unit><![CDATA[<#tempunit>]]></unit>
	<image></image>
	<class>dynamic</class>
	<description>Yesterday's lowest dew point</description>
</item>
<item name="TdewpointYL">
	<value><#TdewpointYL></value>
	<unit></unit>
	<image></image>
	<class>dynamic</class>
	<description>Time of Yesterday's lowest dew point</description>
</item>
<item name="dewpointYH">
	<value><#dewpointYH></value>
	<unit><![CDATA[<#tempunit>]]></unit>
	<image></image>
	<class>dynamic</class>
	<description>Yesterday's highest dew point</description>
</item>
<item name="TdewpointYH">
	<value><#TdewpointYH></value>
	<unit></unit>
	<image></image>
	<class>dynamic</class>
	<description>Time of Yesterday's highest dew point</description>
</item>
<item name="humYH">
	<value><#humYH></value>
	<unit>%</unit>
	<image></image>
	<class>dynamic</class>
	<description>Yesterday's highest outside humidity</description>
</item>
<item name="ThumYH">
	<value><#ThumYH></value>
	<unit></unit>
	<image></image>
	<class>dynamic</class>
	<description>Time of Yesterday's highest outside humidity</description>
</item>
<item name="humYL">
	<value><#humYL></value>
	<unit>%</unit>
	<image></image>
	<class>dynamic</class>
	<description>Yesterday's lowest outside humidity</description>
</item>
<item name="ThumYL">
	<value><#ThumYL></value>
	<unit></unit>
	<image></image>
	<class>dynamic</class>
	<description>Time of Yesterday's lowest outside humidity</description>
</item>
<item name="rfallY">
	<value><#rfallY></value>
	<unit><![CDATA[&nbsp;<#rainunit>]]></unit>
	<image></image>
	<class>dynamic</class>
	<description>The total rainfall for yesterday</description>
</item>
<item name="rrateYM">
	<value><#rrateYM></value>
	<unit><![CDATA[&nbsp;<#rainunit>/hr]]></unit>
	<image></image>
	<class>dynamic</class>
	<description>Yesterday's maximum rain rate</description>
</item>
<item name="TrrateYM">
	<value><#TrrateYM></value>
	<unit></unit>
	<image></image>
	<class>dynamic</class>
	<description>Time of Yesterday's maximum rain rate</description>
</item>
<item name="hourlyrainYH">
	<value><#hourlyrainYH></value>
	<unit><![CDATA[&nbsp;<#rainunit>]]></unit>
	<image></image>
	<class>dynamic</class>
	<description>Yesterday's highest hourly rainfall</description>
</item>
<item name="ThourlyrainYH">
	<value><#ThourlyrainYH></value>
	<unit></unit>
	<image></image>
	<class>dynamic</class>
	<description>Time of Yesterday's highest hourly rainfall</description>
</item>
<item name="pressYH">
	<value><#pressYH></value>
	<unit><![CDATA[&nbsp;<#pressunit>]]></unit>
	<image></image>
	<class>dynamic</class>
	<description>Yesterday's highest pressure reading</description>
</item>
<item name="TpressYH">
	<value><#TpressYH></value>
	<unit></unit>
	<image></image>
	<class>dynamic</class>
	<description>Time of Yesterday's high pressure reading</description>
</item>
<item name="pressYL">
	<value><#pressYL></value>
	<unit><![CDATA[&nbsp;<#pressunit>]]></unit>
	<image></image>
	<class>dynamic</class>
	<description>Yesterday's lowest pressure reading</description>
</item>
<item name="TpressYL">
	<value><#TpressYL></value>
	<unit></unit>
	<image></image>
	<class>dynamic</class>
	<description>Time of Yesterday's lowest pressure reading</description>
</item>
<item name="windYM">
	<value><#windYM></value>
	<unit><![CDATA[&nbsp;<#windunit>]]></unit>
	<image></image>
	<class>dynamic</class>
	<description>Yesterday's maximum wind speed</description>
</item>
<item name="TwindYM">
	<value><#TwindYM></value>
	<unit></unit>
	<image></image>
	<class>dynamic</class>
	<description>Time of Yesterday's maximum wind speed</description>
</item>
<item name="wgustYM">
	<value><#wgustYM></value>
	<unit><![CDATA[&nbsp;<#windunit>]]></unit>
	<image></image>
	<class>dynamic</class>
	<description>Yesterday's maximum wind gust</description>
</item>
<item name="TwgustYM">
	<value><#TwgustYM></value>
	<unit></unit>
	<image></image>
	<class>dynamic</class>
	<description>Time of Yesterday's maximum wind gust</description>
</item>
<item name="bearingYM">
	<value><#bearingYM></value>
	<unit><![CDATA[&deg;]]></unit>
	<image></image>
	<class>dynamic</class>
	<description>Yesterday's mean wind bearing</description>
</item>
<item name="Ybeaufort">
	<value><#Ybeaufort></value>
	<unit></unit>
	<image></image>
	<class>dynamic</class>
	<description>Yesterday's maximum Beaufort</description>
</item>
<item name="Ybeaufortnumber">
	<value><#Ybeaufortnumber></value>
	<unit></unit>
	<image></image>
	<class>dynamic</class>
	<description>Yesterday's maximum Beaufort, without the leading F</description>
</item>
<item name="domwindbearingY">
	<value><#domwindbearingY></value>
	<unit><![CDATA[&deg;]]></unit>
	<image></image>
	<class>dynamic</class>
	<description>Yesterday's dominant wind direction in degrees</description>
</item>
<item name="domwinddirY">
	<value><#domwinddirY></value>
	<unit></unit>
	<image></image>
	<class>dynamic</class>
	<description>Yesterday's dominant wind direction as compass point</description>
</item>
<item name="windrunY">
	<value><#windrunY></value>
	<unit><![CDATA[&nbsp;<#windrununit>]]></unit>
	<image></image>
	<class>dynamic</class>
	<description>The total wind run for yesterday</description>
</item>
<item name="heatdegdaysY">
	<value><#heatdegdaysY></value>
	<unit></unit>
	<image></image>
	<class>dynamic</class>
	<description>Yesterday's heating degree days</description>
</item>
<item name="cooldegdaysY">
	<value><#cooldegdaysY></value>
	<unit></unit>
	<image></image>
	<class>dynamic</class>
	<description>Yesterday's cooling degree days</description>
</item>
<item name="MonthTempH">
	<value><#MonthTempH></value>
	<unit><![CDATA[<#tempunit>]]></unit>
	<image></image>
	<class>dynamic</class>
	<description>This Month's highest temperature</description>
</item>
<item name="MonthTempHT">
	<value><#MonthTempHT></value>
	<unit></unit>
	<image></image>
	<class>dynamic</class>
	<description>Time of This Month's highest temperature</description>
</item>
<item name="MonthTempHD">
	<value><#MonthTempHD></value>
	<unit></unit>
	<image></image>
	<class>dynamic</class>
	<description>Date of This Month's highest temperature</description>
</item>
<item name="MonthTempL">
	<value><#MonthTempL></value>
	<unit><![CDATA[<#tempunit>]]></unit>
	<image></image>
	<class>dynamic</class>
	<description>This Month's lowest temperature</description>
</item>
<item name="MonthTempLT">
	<value><#MonthTempLT></value>
	<unit></unit>
	<image></image>
	<class>dynamic</class>
	<description>Time of This Month's lowest temperature</description>
</item>
<item name="MonthTempLD">
	<value><#MonthTempLD></value>
	<unit></unit>
	<image></image>
	<class>dynamic</class>
	<description>Date of This Month's lowest temperature</description>
</item>
<item name="MonthMinTempH">
	<value><#MonthMinTempH></value>
	<unit><![CDATA[<#tempunit>]]></unit>
	<image></image>
	<class>dynamic</class>
	<description>This Month's highest Min Temp</description>
</item>
<item name="MonthMinTempHD">
	<value><#MonthMinTempHD></value>
	<unit></unit>
	<image></image>
	<class>dynamic</class>
	<description>Date of This Month's highest Min Temp</description>
</item>
<item name="MonthMaxTempL">
	<value><#MonthMaxTempL></value>
	<unit><![CDATA[<#tempunit>]]></unit>
	<image></image>
	<class>dynamic</class>
	<description>This Month's lowest Max Temp</description>
</item>
<item name="MonthMaxTempLD">
	<value><#MonthMaxTempLD></value>
	<unit></unit>
	<image></image>
	<class>dynamic</class>
	<description>Date of This Month's lowest Max Temp</description>
</item>
<item name="MonthHighDailyTempRange">
	<value><#MonthHighDailyTempRange></value>
	<unit></unit>
	<image></image>
	<class>dynamic</class>
	<description>This Month's High Daily Temp Range</description>
</item>
<item name="MonthHighDailyTempRangeD">
	<value><#MonthHighDailyTempRangeD></value>
	<unit></unit>
	<image></image>
	<class>dynamic</class>
	<description>Date of This Month's High Daily Temp Range</description>
</item>
<item name="MonthLowDailyTempRange">
	<value><#MonthLowDailyTempRange></value>
	<unit></unit>
	<image></image>
	<class>dynamic</class>
	<description>This Month's Low Daily Temp Range</description>
</item>
<item name="MonthLowDailyTempRangeD">
	<value><#MonthLowDailyTempRangeD></value>
	<unit></unit>
	<image></image>
	<class>dynamic</class>
	<description>Date of This Month's Low Daily Temp Range</description>
</item>
<item name="MonthHeatIndexH">
	<value><#MonthHeatIndexH></value>
	<unit><![CDATA[<#tempunit>]]></unit>
	<image></image>
	<class>dynamic</class>
	<description>This Month's highest heat index</description>
</item>
<item name="MonthHeatIndexHT">
	<value><#MonthHeatIndexHT></value>
	<unit></unit>
	<image></image>
	<class>dynamic</class>
	<description>Time of This Month's highest heat index</description>
</item>
<item name="MonthHeatIndexHD">
	<value><#MonthHeatIndexHD></value>
	<unit></unit>
	<image></image>
	<class>dynamic</class>
	<description>Date of This Month's highest heat index</description>
</item>
<item name="MonthWChillL">
	<value><#MonthWChillL></value>
	<unit><![CDATA[<#tempunit>]]></unit>
	<image></image>
	<class>dynamic</class>
	<description>This Month's lowest wind chill</description>
</item>
<item name="MonthWChillLT">
	<value><#MonthWChillLT></value>
	<unit></unit>
	<image></image>
	<class>dynamic</class>
	<description>Time of This Month's lowest wind chill</description>
</item>
<item name="MonthWChillLD">
	<value><#MonthWChillLD></value>
	<unit></unit>
	<image></image>
	<class>dynamic</class>
	<description>Date of This Month's lowest wind chill</description>
</item>
<item name="MonthAppTempH">
	<value><#MonthAppTempH></value>
	<unit><![CDATA[<#tempunit>]]></unit>
	<image></image>
	<class>dynamic</class>
	<description>This Month's highest Apparent Temperature</description>
</item>
<item name="MonthAppTempHT">
	<value><#MonthAppTempHT></value>
	<unit></unit>
	<image></image>
	<class>dynamic</class>
	<description>Time of This Month's highest Apparent Temperature</description>
</item>
<item name="MonthAppTempHD">
	<value><#MonthAppTempHD></value>
	<unit></unit>
	<image></image>
	<class>dynamic</class>
	<description>Date of This Month's highest Apparent Temperature</description>
</item>
<item name="MonthAppTempL">
	<value><#MonthAppTempL></value>
	<unit><![CDATA[<#tempunit>]]></unit>
	<image></image>
	<class>dynamic</class>
	<description>This Month's lowest Apparent Temperature</description>
</item>
<item name="MonthAppTempLT">
	<value><#MonthAppTempLT></value>
	<unit></unit>
	<image></image>
	<class>dynamic</class>
	<description>Time of This Month's lowest Apparent Temperature</description>
</item>
<item name="MonthAppTempLD">
	<value><#MonthAppTempLD></value>
	<unit></unit>
	<image></image>
	<class>dynamic</class>
	<description>Date of This Month's lowest Apparent Temperature</description>
</item>
<item name="MonthDewPointH">
	<value><#MonthDewPointH></value>
	<unit><![CDATA[<#tempunit>]]></unit>
	<image></image>
	<class>dynamic</class>
	<description>This Month's highest Dew Point</description>
</item>
<item name="MonthDewPointHT">
	<value><#MonthDewPointHT></value>
	<unit></unit>
	<image></image>
	<class>dynamic</class>
	<description>Time of This Month's highest Dew Point</description>
</item>
<item name="MonthDewPointHD">
	<value><#MonthDewPointHD></value>
	<unit></unit>
	<image></image>
	<class>dynamic</class>
	<description>Date of This Month's highest Dew Point</description>
</item>
<item name="MonthDewPointL">
	<value><#MonthDewPointL></value>
	<unit><![CDATA[<#tempunit>]]></unit>
	<image></image>
	<class>dynamic</class>
	<description>This Month's lowest Dew Point</description>
</item>
<item name="MonthDewPointLT">
	<value><#MonthDewPointLT></value>
	<unit></unit>
	<image></image>
	<class>dynamic</class>
	<description>Time of This Month's lowest Dew Point</description>
</item>
<item name="MonthDewPointLD">
	<value><#MonthDewPointLD></value>
	<unit></unit>
	<image></image>
	<class>dynamic</class>
	<description>Date of This Month's lowest Dew Point</description>
</item>
<item name="MonthHumH">
	<value><#MonthHumH></value>
	<unit>%</unit>
	<image></image>
	<class>dynamic</class>
	<description>This Month's highest Humidity</description>
</item>
<item name="MonthHumHT">
	<value><#MonthHumHT></value>
	<unit></unit>
	<image></image>
	<class>dynamic</class>
	<description>Time of This Month's highest Humidity</description>
</item>
<item name="MonthHumHD">
	<value><#MonthHumHD></value>
	<unit></unit>
	<image></image>
	<class>dynamic</class>
	<description>Date of This Month's highest Humidity</description>
</item>
<item name="MonthHumL">
	<value><#MonthHumL></value>
	<unit>%</unit>
	<image></image>
	<class>dynamic</class>
	<description>This Month's lowest Humidity</description>
</item>
<item name="MonthHumLT">
	<value><#MonthHumLT></value>
	<unit></unit>
	<image></image>
	<class>dynamic</class>
	<description>Time of This Month's lowest Humidity</description>
</item>
<item name="MonthHumLD">
	<value><#MonthHumLD></value>
	<unit></unit>
	<image></image>
	<class>dynamic</class>
	<description>Date of This Month's lowest Humidity</description>
</item>
<item name="MonthPressH">
	<value><#MonthPressH></value>
	<unit><![CDATA[<#pressunit>]]></unit>
	<image></image>
	<class>dynamic</class>
	<description>This Month's highest Pressure</description>
</item>
<item name="MonthPressHT">
	<value><#MonthPressHT></value>
	<unit></unit>
	<image></image>
	<class>dynamic</class>
	<description>Time of This Month's highest Pressure</description>
</item>
<item name="MonthPressHD">
	<value><#MonthPressHD></value>
	<unit></unit>
	<image></image>
	<class>dynamic</class>
	<description>Date of This Month's highest Pressure</description>
</item>
<item name="MonthPressL">
	<value><#MonthPressL></value>
	<unit><![CDATA[<#pressunit>]]></unit>
	<image></image>
	<class>dynamic</class>
	<description>This Month's lowest Pressure</description>
</item>
<item name="MonthPressLT">
	<value><#MonthPressLT></value>
	<unit></unit>
	<image></image>
	<class>dynamic</class>
	<description>Time of This Month's lowest Pressure</description>
</item>
<item name="MonthPressLD">
	<value><#MonthPressLD></value>
	<unit></unit>
	<image></image>
	<class>dynamic</class>
	<description>Date of This Month's lowest Pressure</description>
</item>
<item name="MonthGustH">
	<value><#MonthGustH></value>
	<unit><![CDATA[<#windunit>]]></unit>
	<image></image>
	<class>dynamic</class>
	<description>This Month's highest Gust</description>
</item>
<item name="MonthGustHT">
	<value><#MonthGustHT></value>
	<unit></unit>
	<image></image>
	<class>dynamic</class>
	<description>Time of This Month's highest Gust</description>
</item>
<item name="MonthGustHD">
	<value><#MonthGustHD></value>
	<unit></unit>
	<image></image>
	<class>dynamic</class>
	<description>Date of This Month's highest Gust</description>
</item>
<item name="MonthWindH">
	<value><#MonthWindH></value>
	<unit><![CDATA[<#windunit>]]></unit>
	<image></image>
	<class>dynamic</class>
	<description>This Month's highest Wind</description>
</item>
<item name="MonthWindHT">
	<value><#MonthWindHT></value>
	<unit></unit>
	<image></image>
	<class>dynamic</class>
	<description>Time of This Month's highest Wind</description>
</item>
<item name="MonthWindHD">
	<value><#MonthWindHD></value>
	<unit></unit>
	<image></image>
	<class>dynamic</class>
	<description>Date of This Month's highest Wind</description>
</item>
<item name="MonthWindRunH">
	<value><#MonthWindRunH></value>
	<unit><![CDATA[<#windrununit>]]></unit>
	<image></image>
	<class>dynamic</class>
	<description>This Month's highest Daily Wind Run</description>
</item>
<item name="MonthWindRunHD">
	<value><#MonthWindRunHD></value>
	<unit></unit>
	<image></image>
	<class>dynamic</class>
	<description>Date of This Month's highest Daily Wind Run</description>
</item>
<item name="rmonth">
	<value><#rmonth></value>
	<unit><![CDATA[&nbsp;<#rainunit>]]></unit>
	<image></image>
	<class>dynamic</class>
	<description>The total rainfall so far this month</description>
</item>
<item name="MonthRainRateH">
	<value><#MonthRainRateH></value>
	<unit><![CDATA[<#rainunit>]]></unit>
	<image></image>
	<class>dynamic</class>
	<description>This Month's highest RainRate</description>
</item>
<item name="MonthRainRateHT">
	<value><#MonthRainRateHT></value>
	<unit></unit>
	<image></image>
	<class>dynamic</class>
	<description>Time of This Month's highest RainRate</description>
</item>
<item name="MonthRainRateHD">
	<value><#MonthRainRateHD></value>
	<unit></unit>
	<image></image>
	<class>dynamic</class>
	<description>Date of This Month's highest RainRate</description>
</item>
<item name="MonthHourlyRainH">
	<value><#MonthHourlyRainH></value>
	<unit><![CDATA[<#rainunit>]]></unit>
	<image></image>
	<class>dynamic</class>
	<description>This Month's highest HourlyRain</description>
</item>
<item name="MonthHourlyRainHT">
	<value><#MonthHourlyRainHT></value>
	<unit></unit>
	<image></image>
	<class>dynamic</class>
	<description>Time of This Month's highest HourlyRain</description>
</item>
<item name="MonthHourlyRainHD">
	<value><#MonthHourlyRainHD></value>
	<unit></unit>
	<image></image>
	<class>dynamic</class>
	<description>Date of This Month's highest HourlyRain</description>
</item>
<item name="MonthDailyRainH">
	<value><#MonthDailyRainH></value>
	<unit><![CDATA[<#rainunit>]]></unit>
	<image></image>
	<class>dynamic</class>
	<description>This Month's highest DailyRain</description>
</item>
<item name="MonthDailyRainHD">
	<value><#MonthDailyRainHD></value>
	<unit></unit>
	<image></image>
	<class>dynamic</class>
	<description>Date of This Month's highest DailyRain</description>
</item>
<item name="MonthLongestDryPeriod">
	<value><#MonthLongestDryPeriod></value>
	<unit></unit>
	<image></image>
	<class>dynamic</class>
	<description>Longest dry period ending this month (days)</description>
</item>
<item name="MonthLongestDryPeriodD">
	<value><#MonthLongestDryPeriodD></value>
	<unit></unit>
	<image></image>
	<class>dynamic</class>
	<description>Date of Longest dry period ending this month (days)</description>
</item>
<item name="MonthLongestWetPeriod">
	<value><#MonthLongestWetPeriod></value>
	<unit></unit>
	<image></image>
	<class>dynamic</class>
	<description>Longest wet period ending this month (days)</description>
</item>
<item name="MonthLongestWetPeriodD">
	<value><#MonthLongestWetPeriodD></value>
	<unit></unit>
	<image></image>
	<class>dynamic</class>
	<description>Date of Longest wet period ending this month (days)</description>
</item>
<item name="YearTempH">
	<value><#YearTempH></value>
	<unit><![CDATA[<#tempunit>]]></unit>
	<image></image>
	<class>dynamic</class>
	<description>This Year's highest temperature</description>
</item>
<item name="YearTempHT">
	<value><#YearTempHT></value>
	<unit></unit>
	<image></image>
	<class>dynamic</class>
	<description>Time of This Year's highest temperature</description>
</item>
<item name="YearTempHD">
	<value><#YearTempHD></value>
	<unit></unit>
	<image></image>
	<class>dynamic</class>
	<description>Date of This Year's highest temperature</description>
</item>
<item name="YearTempL">
	<value><#YearTempL></value>
	<unit><![CDATA[<#tempunit>]]></unit>
	<image></image>
	<class>dynamic</class>
	<description>This Year's lowest temperature</description>
</item>
<item name="YearTempLT">
	<value><#YearTempLT></value>
	<unit></unit>
	<image></image>
	<class>dynamic</class>
	<description>Time of This Year's lowest temperature</description>
</item>
<item name="YearTempLD">
	<value><#YearTempLD></value>
	<unit></unit>
	<image></image>
	<class>dynamic</class>
	<description>Date of This Year's lowest temperature</description>
</item>
<item name="YearHighDailyTempRange">
	<value><#YearHighDailyTempRange></value>
	<unit></unit>
	<image></image>
	<class>dynamic</class>
	<description>This Year's High Daily Temp Range</description>
</item>
<item name="YearHighDailyTempRangeD">
	<value><#YearHighDailyTempRangeD></value>
	<unit></unit>
	<image></image>
	<class>dynamic</class>
	<description>Date of This Year's High Daily Temp Range</description>
</item>
<item name="YearLowDailyTempRange">
	<value><#YearLowDailyTempRange></value>
	<unit></unit>
	<image></image>
	<class>dynamic</class>
	<description>This Year's Low Daily Temp Range</description>
</item>
<item name="YearLowDailyTempRangeD">
	<value><#YearLowDailyTempRangeD></value>
	<unit></unit>
	<image></image>
	<class>dynamic</class>
	<description>Date of This Year's Low Daily Temp Range</description>
</item>
<item name="YearHeatIndexH">
	<value><#YearHeatIndexH></value>
	<unit><![CDATA[<#tempunit>]]></unit>
	<image></image>
	<class>dynamic</class>
	<description>This Year's highest heat index</description>
</item>
<item name="YearHeatIndexHT">
	<value><#YearHeatIndexHT></value>
	<unit></unit>
	<image></image>
	<class>dynamic</class>
	<description>Time of This Year's highest heat index</description>
</item>
<item name="YearHeatIndexHD">
	<value><#YearHeatIndexHD></value>
	<unit></unit>
	<image></image>
	<class>dynamic</class>
	<description>Date of This Year's highest heat index</description>
</item>
<item name="YearWChillL">
	<value><#YearWChillL></value>
	<unit><![CDATA[<#tempunit>]]></unit>
	<image></image>
	<class>dynamic</class>
	<description>This Year's lowest wind chill</description>
</item>
<item name="YearWChillLT">
	<value><#YearWChillLT></value>
	<unit></unit>
	<image></image>
	<class>dynamic</class>
	<description>Time of This Year's lowest wind chill</description>
</item>
<item name="YearWChillLD">
	<value><#YearWChillLD></value>
	<unit></unit>
	<image></image>
	<class>dynamic</class>
	<description>Date of This Year's lowest wind chill</description>
</item>
<item name="YearAppTempH">
	<value><#YearAppTempH></value>
	<unit><![CDATA[<#tempunit>]]></unit>
	<image></image>
	<class>dynamic</class>
	<description>This Year's highest Apparent Temperature</description>
</item>
<item name="YearAppTempHT">
	<value><#YearAppTempHT></value>
	<unit></unit>
	<image></image>
	<class>dynamic</class>
	<description>Time of This Year's highest Apparent Temperature</description>
</item>
<item name="YearAppTempHD">
	<value><#YearAppTempHD></value>
	<unit></unit>
	<image></image>
	<class>dynamic</class>
	<description>Date of This Year's highest Apparent Temperature</description>
</item>
<item name="YearAppTempL">
	<value><#YearAppTempL></value>
	<unit><![CDATA[<#tempunit>]]></unit>
	<image></image>
	<class>dynamic</class>
	<description>This Year's lowest Apparent Temperature</description>
</item>
<item name="YearAppTempLT">
	<value><#YearAppTempLT></value>
	<unit></unit>
	<image></image>
	<class>dynamic</class>
	<description>Time of This Year's lowest Apparent Temperature</description>
</item>
<item name="YearAppTempLD">
	<value><#YearAppTempLD></value>
	<unit></unit>
	<image></image>
	<class>dynamic</class>
	<description>Date of This Year's lowest Apparent Temperature</description>
</item>
<item name="YearDewPointH">
	<value><#YearDewPointH></value>
	<unit><![CDATA[<#tempunit>]]></unit>
	<image></image>
	<class>dynamic</class>
	<description>This Year's highest Dew Point</description>
</item>
<item name="YearDewPointHT">
	<value><#YearDewPointHT></value>
	<unit></unit>
	<image></image>
	<class>dynamic</class>
	<description>Time of This Year's highest Dew Point</description>
</item>
<item name="YearDewPointHD">
	<value><#YearDewPointHD></value>
	<unit></unit>
	<image></image>
	<class>dynamic</class>
	<description>Date of This Year's highest Dew Point</description>
</item>
<item name="YearDewPointL">
	<value><#YearDewPointL></value>
	<unit><![CDATA[<#tempunit>]]></unit>
	<image></image>
	<class>dynamic</class>
	<description>This Year's lowest Dew Point</description>
</item>
<item name="YearDewPointLT">
	<value><#YearDewPointLT></value>
	<unit></unit>
	<image></image>
	<class>dynamic</class>
	<description>Time of This Year's lowest Dew Point</description>
</item>
<item name="YearDewPointLD">
	<value><#YearDewPointLD></value>
	<unit></unit>
	<image></image>
	<class>dynamic</class>
	<description>Date of This Year's lowest Dew Point</description>
</item>
<item name="YearMinTempH">
	<value><#YearMinTempH></value>
	<unit><![CDATA[<#tempunit>]]></unit>
	<image></image>
	<class>dynamic</class>
	<description>This Year's highest Min Temp</description>
</item>
<item name="YearMinTempHD">
	<value><#YearMinTempHD></value>
	<unit></unit>
	<image></image>
	<class>dynamic</class>
	<description>Date of This Year's highest Min Temp</description>
</item>
<item name="YearMaxTempL">
	<value><#YearMaxTempL></value>
	<unit><![CDATA[<#tempunit>]]></unit>
	<image></image>
	<class>dynamic</class>
	<description>This Year's lowest Max Temp</description>
</item>
<item name="YearMaxTempLD">
	<value><#YearMaxTempLD></value>
	<unit></unit>
	<image></image>
	<class>dynamic</class>
	<description>Date of This Year's lowest Max Temp</description>
</item>
<item name="YearHumH">
	<value><#YearHumH></value>
	<unit>%</unit>
	<image></image>
	<class>dynamic</class>
	<description>This Year's highest Humidity</description>
</item>
<item name="YearHumHT">
	<value><#YearHumHT></value>
	<unit></unit>
	<image></image>
	<class>dynamic</class>
	<description>Time of This Year's highest Humidity</description>
</item>
<item name="YearHumHD">
	<value><#YearHumHD></value>
	<unit></unit>
	<image></image>
	<class>dynamic</class>
	<description>Date of This Year's highest Humidity</description>
</item>
<item name="YearHumL">
	<value><#YearHumL></value>
	<unit>%</unit>
	<image></image>
	<class>dynamic</class>
	<description>This Year's lowest Humidity</description>
</item>
<item name="YearHumLT">
	<value><#YearHumLT></value>
	<unit></unit>
	<image></image>
	<class>dynamic</class>
	<description>Time of This Year's lowest Humidity</description>
</item>
<item name="YearHumLD">
	<value><#YearHumLD></value>
	<unit></unit>
	<image></image>
	<class>dynamic</class>
	<description>Date of This Year's lowest Humidity</description>
</item>
<item name="YearPressH">
	<value><#YearPressH></value>
	<unit><![CDATA[<#pressunit>]]></unit>
	<image></image>
	<class>dynamic</class>
	<description>This Year's highest Pressure</description>
</item>
<item name="YearPressHT">
	<value><#YearPressHT></value>
	<unit></unit>
	<image></image>
	<class>dynamic</class>
	<description>Time of This Year's highest Pressure</description>
</item>
<item name="YearPressHD">
	<value><#YearPressHD></value>
	<unit></unit>
	<image></image>
	<class>dynamic</class>
	<description>Date of This Year's highest Pressure</description>
</item>
<item name="YearPressL">
	<value><#YearPressL></value>
	<unit><![CDATA[<#pressunit>]]></unit>
	<image></image>
	<class>dynamic</class>
	<description>This Year's lowest Pressure</description>
</item>
<item name="YearPressLT">
	<value><#YearPressLT></value>
	<unit></unit>
	<image></image>
	<class>dynamic</class>
	<description>Time of This Year's lowest Pressure</description>
</item>
<item name="YearPressLD">
	<value><#YearPressLD></value>
	<unit></unit>
	<image></image>
	<class>dynamic</class>
	<description>Date of This Year's lowest Pressure</description>
</item>
<item name="YearGustH">
	<value><#YearGustH></value>
	<unit><![CDATA[<#windunit>]]></unit>
	<image></image>
	<class>dynamic</class>
	<description>This Year's highest Gust</description>
</item>
<item name="YearGustHT">
	<value><#YearGustHT></value>
	<unit></unit>
	<image></image>
	<class>dynamic</class>
	<description>Time of This Year's highest Gust</description>
</item>
<item name="YearGustHD">
	<value><#YearGustHD></value>
	<unit></unit>
	<image></image>
	<class>dynamic</class>
	<description>Date of This Year's highest Gust</description>
</item>
<item name="YearWindH">
	<value><#YearWindH></value>
	<unit><![CDATA[<#windunit>]]></unit>
	<image></image>
	<class>dynamic</class>
	<description>This Year's highest Wind</description>
</item>
<item name="YearWindHT">
	<value><#YearWindHT></value>
	<unit></unit>
	<image></image>
	<class>dynamic</class>
	<description>Time of This Year's highest Wind</description>
</item>
<item name="YearWindHD">
	<value><#YearWindHD></value>
	<unit></unit>
	<image></image>
	<class>dynamic</class>
	<description>Date of This Year's highest Wind</description>
</item>
<item name="YearWindRunH">
	<value><#YearWindRunH></value>
	<unit><![CDATA[<#windrununit>]]></unit>
	<image></image>
	<class>dynamic</class>
	<description>This Year's highest Daily Wind Run</description>
</item>
<item name="YearWindRunHD">
	<value><#YearWindRunHD></value>
	<unit></unit>
	<image></image>
	<class>dynamic</class>
	<description>Date of This Year's highest Daily Wind Run</description>
</item>
<item name="ryear">
	<value><#ryear></value>
	<unit><![CDATA[&nbsp;<#rainunit>]]></unit>
	<image></image>
	<class>dynamic</class>
	<description>The total rainfall so far this year</description>
</item>
<item name="YearRainRateH">
	<value><#YearRainRateH></value>
	<unit><![CDATA[<#rainunit>]]></unit>
	<image></image>
	<class>dynamic</class>
	<description>This Year's highest RainRate</description>
</item>
<item name="YearRainRateHT">
	<value><#YearRainRateHT></value>
	<unit></unit>
	<image></image>
	<class>dynamic</class>
	<description>Time of This Year's highest RainRate</description>
</item>
<item name="YearRainRateHD">
	<value><#YearRainRateHD></value>
	<unit></unit>
	<image></image>
	<class>dynamic</class>
	<description>Date of This Year's highest RainRate</description>
</item>
<item name="YearHourlyRainH">
	<value><#YearHourlyRainH></value>
	<unit><![CDATA[<#rainunit>]]></unit>
	<image></image>
	<class>dynamic</class>
	<description>This Year's highest HourlyRain</description>
</item>
<item name="YearHourlyRainHT">
	<value><#YearHourlyRainHT></value>
	<unit></unit>
	<image></image>
	<class>dynamic</class>
	<description>Time of This Year's highest HourlyRain</description>
</item>
<item name="YearHourlyRainHD">
	<value><#YearHourlyRainHD></value>
	<unit></unit>
	<image></image>
	<class>dynamic</class>
	<description>Date of This Year's highest HourlyRain</description>
</item>
<item name="YearDailyRainH">
	<value><#YearDailyRainH></value>
	<unit><![CDATA[<#rainunit>]]></unit>
	<image></image>
	<class>dynamic</class>
	<description>This Year's highest DailyRain</description>
</item>
<item name="YearDailyRainHD">
	<value><#YearDailyRainHD></value>
	<unit></unit>
	<image></image>
	<class>dynamic</class>
	<description>Date of This Year's highest DailyRain</description>
</item>
<item name="YearMonthlyRainH">
	<value><#YearMonthlyRainH></value>
	<unit><![CDATA[<#rainunit>]]></unit>
	<image></image>
	<class>dynamic</class>
	<description>This Year's highest MonthlyRain</description>
</item>
<item name="YearMonthlyRainHD">
	<value><#YearMonthlyRainHD></value>
	<unit></unit>
	<image></image>
	<class>dynamic</class>
	<description>Date of This Year's highest MonthlyRain</description>
</item>
<item name="YearLongestDryPeriod">
	<value><#YearLongestDryPeriod></value>
	<unit></unit>
	<image></image>
	<class>dynamic</class>
	<description>Longest dry period ending this Year (days)</description>
</item>
<item name="YearLongestDryPeriodD">
	<value><#YearLongestDryPeriodD></value>
	<unit></unit>
	<image></image>
	<class>dynamic</class>
	<description>Date of Longest dry period ending this Year (days)</description>
</item>
<item name="YearLongestWetPeriod">
	<value><#YearLongestWetPeriod></value>
	<unit></unit>
	<image></image>
	<class>dynamic</class>
	<description>Longest wet period ending this Year (days)</description>
</item>
<item name="YearLongestWetPeriodD">
	<value><#YearLongestWetPeriodD></value>
	<unit></unit>
	<image></image>
	<class>dynamic</class>
	<description>Date of Longest wet period ending this Year (days)</description>
</item>
<item name="tempH">
	<value><#tempH></value>
	<unit><![CDATA[<#tempunit>]]></unit>
	<image></image>
	<class>dynamic</class>
	<description>All time high temperature</description>
</item>
<item name="TtempH">
	<value><#TtempH></value>
	<unit></unit>
	<image></image>
	<class>dynamic</class>
	<description>Date and Time of all time temperature high</description>
</item>
<item name="tempL">
	<value><#tempL></value>
	<unit><![CDATA[<#tempunit>]]></unit>
	<image></image>
	<class>dynamic</class>
	<description>All time low temperature</description>
</item>
<item name="TtempL">
	<value><#TtempL></value>
	<unit></unit>
	<image></image>
	<class>dynamic</class>
	<description>Date and Time of all time temperature low</description>
</item>
<item name="mintempH">
	<value><#mintempH></value>
	<unit><![CDATA[<#tempunit>]]></unit>
	<image></image>
	<class>dynamic</class>
	<description>All time high minimum temperature</description>
</item>
<item name="TmintempH">
	<value><#TmintempH></value>
	<unit></unit>
	<image></image>
	<class>dynamic</class>
	<description>Date and Time of all time high minimum temperature</description>
</item>
<item name="maxtempL">
	<value><#maxtempL></value>
	<unit><![CDATA[<#tempunit>]]></unit>
	<image></image>
	<class>dynamic</class>
	<description>All time low maximum temperature</description>
</item>
<item name="TmaxtempL">
	<value><#TmaxtempL></value>
	<unit></unit>
	<image></image>
	<class>dynamic</class>
	<description>Date and Time of all time low maximum temperature</description>
</item>
<item name="LowDailyTempRange">
	<value><#LowDailyTempRange></value>
	<unit></unit>
	<image></image>
	<class>dynamic</class>
	<description>All time low daily temperature range</description>
</item>
<item name="TLowDailyTempRange">
	<value><#TLowDailyTempRange></value>
	<unit></unit>
	<image></image>
	<class>dynamic</class>
	<description>Date of All time low daily temperature range</description>
</item>
<item name="HighDailyTempRange">
	<value><#HighDailyTempRange></value>
	<unit></unit>
	<image></image>
	<class>dynamic</class>
	<description>All time High daily temperature range</description>
</item>
<item name="THighDailyTempRange">
	<value><#THighDailyTempRange></value>
	<unit></unit>
	<image></image>
	<class>dynamic</class>
	<description>Date of All time High daily temperature range</description>
</item>
<item name="apptempH">
	<value><#apptempH></value>
	<unit><![CDATA[<#tempunit>]]></unit>
	<image></image>
	<class>dynamic</class>
	<description>All time highest 'apparent' temperature (formula from Australian BOM).</description>
</item>
<item name="TapptempH">
	<value><#TapptempH></value>
	<unit></unit>
	<image></image>
	<class>dynamic</class>
	<description>Time of all time highest 'apparent' temperature (formula from Australian BOM).</description>
</item>
<item name="apptempL">
	<value><#apptempL></value>
	<unit><![CDATA[<#tempunit>]]></unit>
	<image></image>
	<class>dynamic</class>
	<description>All time lowest 'apparent' temperature (formula from Australian BOM).</description>
</item>
<item name="TapptempL">
	<value><#TapptempL></value>
	<unit></unit>
	<image></image>
	<class>dynamic</class>
	<description>Time of all time lowest 'apparent' temperature (formula from Australian BOM).</description>
</item>
<item name="heatindexH">
	<value><#heatindexH></value>
	<unit></unit>
	<image></image>
	<class>dynamic</class>
	<description>All time highest Heat Index</description>
</item>
<item name="TheatindexH">
	<value><#TheatindexH></value>
	<unit></unit>
	<image></image>
	<class>dynamic</class>
	<description>Time and Date of all time highest wind chill</description>
</item>
<item name="dewpointH">
	<value><#dewpointH></value>
	<unit><![CDATA[<#tempunit>]]></unit>
	<image></image>
	<class>dynamic</class>
	<description>All time highest dewpoint.</description>
</item>
<item name="TdewpointH">
	<value><#TdewpointH></value>
	<unit></unit>
	<image></image>
	<class>dynamic</class>
	<description>Time of all time highest dewpoint.</description>
</item>
<item name="dewpointL">
	<value><#dewpointL></value>
	<unit><![CDATA[<#tempunit>]]></unit>
	<image></image>
	<class>dynamic</class>
	<description>All time lowest dewpoint.</description>
</item>
<item name="TdewpointL">
	<value><#TdewpointL></value>
	<unit></unit>
	<image></image>
	<class>dynamic</class>
	<description>Time of all time lowest dewpoint.</description>
</item>
<item name="humH">
	<value><#humH></value>
	<unit></unit>
	<image></image>
	<class>dynamic</class>
	<description>All time highest humidity.</description>
</item>
<item name="ThumH">
	<value><#ThumH></value>
	<unit></unit>
	<image></image>
	<class>dynamic</class>
	<description>Time of all time highest humidity.</description>
</item>
<item name="humL">
	<value><#humL></value>
	<unit></unit>
	<image></image>
	<class>dynamic</class>
	<description>All time lowest humidity.</description>
</item>
<item name="ThumL">
	<value><#ThumL></value>
	<unit></unit>
	<image></image>
	<class>dynamic</class>
	<description>Time of all time lowest humidity.</description>
</item>
<item name="wchillH">
	<value><#wchillH></value>
	<unit><![CDATA[<#tempunit>]]></unit>
	<image></image>
	<class>dynamic</class>
	<description>All time greatest wind chill</description>
</item>
<item name="TwchillH">
	<value><#TwchillH></value>
	<unit></unit>
	<image></image>
	<class>dynamic</class>
	<description>Time and Date of all time highest wind chill</description>
</item>
<item name="rrateM">
	<value><#rrateM></value>
	<unit><![CDATA[&nbsp;<#rainunit>/hr]]></unit>
	<image></image>
	<class>dynamic</class>
	<description>All time high rain rate</description>
</item>
<item name="TrrateM">
	<value><#TrrateM></value>
	<unit></unit>
	<image></image>
	<class>dynamic</class>
	<description>Date and Time of all time high rain rate</description>
</item>
<item name="rfallH">
	<value><#rfallH></value>
	<unit><![CDATA[&nbsp;<#rainunit>]]></unit>
	<image></image>
	<class>dynamic</class>
	<description>All time high daily rain</description>
</item>
<item name="TrfallH">
	<value><#TrfallH></value>
	<unit></unit>
	<image></image>
	<class>dynamic</class>
	<description>Date and Time of all time high daily rain</description>
</item>
<item name="rfallhH">
	<value><#rfallhH></value>
	<unit><![CDATA[&nbsp;<#rainunit>]]></unit>
	<image></image>
	<class>dynamic</class>
	<description>All time high hourly rain</description>
</item>
<item name="TrfallhH">
	<value><#TrfallhH></value>
	<unit></unit>
	<image></image>
	<class>dynamic</class>
	<description>Date and Time of all time high hourly rain</description>
</item>
<item name="rfallmH">
	<value><#rfallmH></value>
	<unit><![CDATA[&nbsp;<#rainunit>]]></unit>
	<image></image>
	<class>dynamic</class>
	<description>All time high monthly rain</description>
</item>
<item name="TrfallmH">
	<value><#TrfallmH></value>
	<unit></unit>
	<image></image>
	<class>dynamic</class>
	<description>Date and Time of all time high monthly rain</description>
</item>
<item name="LongestDryPeriod">
	<value><#LongestDryPeriod></value>
	<unit></unit>
	<image></image>
	<class>dynamic</class>
	<description>All Time Longest dry period (days)</description>
</item>
<item name="LongestDryPeriodD">
	<value><#LongestDryPeriodD></value>
	<unit></unit>
	<image></image>
	<class>dynamic</class>
	<description>Date of All Time Longest dry period (days)</description>
</item>
<item name="LongestWetPeriod">
	<value><#LongestWetPeriod></value>
	<unit></unit>
	<image></image>
	<class>dynamic</class>
	<description>All Time Longest wet period (days)</description>
</item>
<item name="LongestWetPeriodD">
	<value><#LongestWetPeriodD></value>
	<unit></unit>
	<image></image>
	<class>dynamic</class>
	<description>Date of All Time Longest wet period days)</description>
</item>
<item name="pressH">
	<value><#pressH></value>
	<unit><![CDATA[&nbsp;<#pressunit>]]></unit>
	<image></image>
	<class>dynamic</class>
	<description>All time high pressure</description>
</item>
<item name="TpressH">
	<value><#TpressH></value>
	<unit></unit>
	<image></image>
	<class>dynamic</class>
	<description>Date and Time of all time pressure high</description>
</item>
<item name="pressL">
	<value><#pressL></value>
	<unit><![CDATA[&nbsp;<#pressunit>]]></unit>
	<image></image>
	<class>dynamic</class>
	<description>All time low pressure</description>
</item>
<item name="TpressL">
	<value><#TpressL></value>
	<unit></unit>
	<image></image>
	<class>dynamic</class>
	<description>Date and Time of all time pressure low</description>
</item>
<item name="gustM">
	<value><#gustM></value>
	<unit><![CDATA[&nbsp;<#windunit>]]></unit>
	<image></image>
	<class>dynamic</class>
	<description>All time high wind gust</description>
</item>
<item name="TgustM">
	<value><#TgustM></value>
	<unit></unit>
	<image></image>
	<class>dynamic</class>
	<description>Time and Date of all time high wind gust</description>
</item>
<item name="wspeedH">
	<value><#wspeedH></value>
	<unit><![CDATA[&nbsp;<#windunit>]]></unit>
	<image></image>
	<class>dynamic</class>
	<description>All time high average wind speed</description>
</item>
<item name="TwspeedH">
	<value><#TwspeedH></value>
	<unit></unit>
	<image></image>
	<class>dynamic</class>
	<description>Time and Date of all time high average wind speed</description>
</item>
<item name="windrunH">
	<value><#windrunH></value>
	<unit><![CDATA[&nbsp;<#windrununit>]]></unit>
	<image></image>
	<class>dynamic</class>
	<description>All time high daily wind run</description>
</item>
<item name="TwindrunH">
	<value><#TwindrunH></value>
	<unit></unit>
	<image></image>
	<class>dynamic</class>
	<description>Time and Date of All time high daily wind run</description>
</item>
<item name="LatestError">
	<value><#LatestError></value>
	<unit></unit>
	<image></image>
	<class>dynamic</class>
	<description>The latest error logged to the error log window. Cleared to an empty string when the error light is clicked, and when Cumulus is restarted</description>
</item>
<item name="LatestErrorDate">
	<value><#LatestErrorDate></value>
	<unit></unit>
	<image></image>
	<class>dynamic</class>
	<description>The date of the latest error logged to the error log window, using the system short date format. Gives dashes when latest error is reset</description>
</item>
<item name="LatestErrorTime">
	<value><#LatestErrorTime></value>
	<unit></unit>
	<image></image>
	<class>dynamic</class>
	<description>The time of the latest error logged to the error log window, using the system short time format. Gives dashes when latest error is reset</description>
</item>
<item name="ErrorLight">
	<value><#ErrorLight></value>
	<unit></unit>
	<image></image>
	<class>dynamic</class>
	<description>1 if the 'error' light is flashing, 0 if not</description>
</item>
<item name="version">
	<value><#version></value>
	<unit></unit>
	<image></image>
	<description>The version of Cumulus in use</description>
	<class>static</class>
</item>
<item name="build">
	<value><#build></value>
	<unit></unit>
	<image></image>
	<class>static</class>
	<description>The build of Cumulus in use</description>
</item>
<item name="realtimeinterval">
	<value><#realtimeinterval></value>
	<unit><![CDATA[&nbsp;seconds]]></unit>
	<image></image>
	<class>static</class>
	<description>The realtime update interval in seconds</description>
</item>
<item name="interval">
	<value><#interval></value>
	<unit><![CDATA[&nbsp;minutes]]></unit>
	<image></image>
	<class>static</class>
	<description>The web site update interval in minutes</description>
</item>
<item name="rollovertime">
	<value><#rollovertime></value>
	<unit></unit>
	<image></image>
	<class>static</class>
	<description>The time that the logs rollover to the next day</description>
</item>
<item name="update">
	<value><#update></value>
	<unit></unit>
	<image></image>
	<class>dynamic</class>
	<description>The date and time of the last web site update</description>
</item>
<item name="stationtype">
	<value><#stationtype></value>
	<unit></unit>
	<image></image>
	<class>static</class>
	<description>The type of station in use</description>
</item>
<item name="latitude">
	<value><![CDATA[<#latitude>]]></value>
	<unit></unit>
	<image></image>
	<class>static</class>
	<description>The station latitude</description>
</item>
<item name="longitude">
	<value><![CDATA[<#longitude>]]></value>
	<unit></unit>
	<image></image>
	<class>static</class>
	<description>The station longitude</description>
</item>
<item name="altitude">
	<value><![CDATA[<#altitude>]]></value>
	<unit></unit>
	<image></image>
	<class>static</class>
	<description>The station altitude</description>
</item>
<item name="location">
	<value><#location></value>
	<unit></unit>
	<image></image>
	<class>static</class>
	<description>The station location</description>
</item>
<item name="longlocation">
	<value><#longlocation></value>
	<unit></unit>
	<image></image>
	<class>static</class>
	<description>Longer description of the station location</description>
</item>
<item name="forum">
	<value><![CDATA[<#forum>]]></value>
	<unit></unit>
	<image></image>
	<class>static</class>
	<description>URL of the forum</description>
</item>
<item name="webcam">
	<value><![CDATA[<#webcam>]]></value>
	<unit></unit>
	<image></image>
	<class>static</class>
	<description>URL of the webcam</description>
</item>
<item name="graphperiod">
	<value><#graphperiod></value>
	<unit></unit>
	<image></image>
	<class>static</class>
	<description>The number of hours displayed by the graphs</description>
</item>
<item name="battery">
	<value><#battery></value>
	<unit></unit>
	<image></image>
	<class>dynamic</class>
	<description>The console battery condition. Davis only.</description>
</item>
<item name="txbattery">
	<value><#txbattery></value>
	<unit></unit>
	<image></image>
	<class>dynamic</class>
	<description>The transmitter battery condition. Davis only.</description>
</item>
<item name="SensorContactLost">
	<value><#SensorContactLost></value>
	<unit></unit>
	<image></image>
	<class>dynamic</class>
	<description>1 if the station has lost contact with its remote sensors. Fine Offset only.</description>
</item>
<item name="snowdepth">
	<value><#snowdepth></value>
	<unit></unit>
	<image></image>
	<class>dynamic</class>
	<description>Today's Snow Depth as entered manually in the Weather Diary. Normally in centimeters. Output is purely as a numeric figure i.e. 10</description>
</item>
<item name="currcond">
	<value><#currcond></value>
	<unit></unit>
	<image></image>
	<class>dynamic</class>
	<description>The contents of the 'Current Conditions' box on the main screen.</description>
</item>
<item name="chillhours">
	<value><#chillhours></value>
	<unit></unit>
	<image></image>
	<class>dynamic</class>
	<description>The number of 'chill hours' so far this season.</description>
</item>
<item name="ConsecutiveRainDays">
	<value><#ConsecutiveRainDays></value>
	<unit></unit>
	<image></image>
	<class>dynamic</class>
	<description>The number of days up to (but not including) today where it has rained every day.</description>
</item>
<item name="ConsecutiveDryDays">
	<value><#ConsecutiveDryDays></value>
	<unit></unit>
	<image></image>
	<class>dynamic</class>
	<description>The number of days up to (but not including) today since it last rained.</description>
</item>
<item name="WindRoseData">
	<value><#WindRoseData></value>
	<unit></unit>
	<image></image>
	<class>dynamic</class>
	<description>A comma-separated list of the wind 'totals' used to draw the wind rose (8 or 16 values).</description>
</item>
<item name="WindRosePoints">
	<value><#WindRosePoints></value>
	<unit></unit>
	<image></image>
	<class>dynamic</class>
	<description>The number of items in WindRoseData (i.e. 8 or 16).</description>
</item>
<item name="WindSampleCount">
	<value><#WindSampleCount></value>
	<unit></unit>
	<image></image>
	<class>dynamic</class>
	<description>The number of wind samples making up the wind rose (etc) data (up to 3600).</description>
</item>
<item name="LatestNOAAMonthlyReport">
	<value><#LatestNOAAMonthlyReport></value>
	<unit></unit>
	<image></image>
	<class>dynamic</class>
	<description>Gives file name of latest auto-saved NOAA monthly report.</description>
</item>
<item name="LatestNOAAYearlyReport">
	<value><#LatestNOAAYearlyReport></value>
	<unit></unit>
	<image></image>
	<class>dynamic</class>
	<description>Gives file name of latest auto-saved NOAA Yearly report.</description>
</item>
<item name="sunrise">
	<value><#sunrise></value>
	<unit></unit>
	<image></image>
	<class>dynamic</class>
	<description>Current sunrise time at the station</description>
</item>
<item name="sunset">
	<value><#sunset></value>
	<unit></unit>
	<image></image>
	<class>dynamic</class>
	<description>Current sunset time at the station</description>
</item>
<item name="daylength">
	<value><#daylength></value>
	<unit></unit>
	<image></image>
	<class>dynamic</class>
	<description>Length of day</description>
</item>
<item name="tomorrowdaylength">
	<value><#tomorrowdaylength></value>
	<unit></unit>
	<image></image>
	<class>dynamic</class>
	<description>A string giving the difference between the length of day today and tomorrow</description>
</item>
<item name="dawn">
	<value><#dawn></value>
	<unit></unit>
	<image></image>
	<class>dynamic</class>
	<description>Time of dawn</description>
</item>
<item name="dusk">
	<value><#dusk></value>
	<unit></unit>
	<image></image>
	<class>dynamic</class>
	<description>Time of dusk</description>
</item>
<item name="daylightlength">
	<value><#daylightlength></value>
	<unit></unit>
	<image></image>
	<class>dynamic</class>
	<description>Length of daylight</description>
</item>
<item name="moonphase">
	<value><#moonphase></value>
	<unit></unit>
	<image>images/moon.bmp</image>
	<class>dynamic</class>
	<description>Current phase of the moon</description>
</item>
<item name="MoonAge">
	<value><#MoonAge></value>
	<unit></unit>
	<image>images/moon.bmp</image>
	<class>dynamic</class>
	<description>Current approximate age of the Moon in days (0-29)</description>
</item>
<item name="moonrise">
	<value><#moonrise></value>
	<unit></unit>
	<image></image>
	<class>dynamic</class>
	<description>Current moonrise time at the station</description>
</item>
<item name="moonset">
	<value><#moonset></value>
	<unit></unit>
	<image></image>
	<class>dynamic</class>
	<description>Current moonset time at the station</description>
</item>
<item name="isdaylight">
	<value><#isdaylight></value>
	<unit></unit>
	<image></image>
	<class>dynamic</class>
	<description>A flag to indicate if the location for the station is in daylight or not, based on the dawn and dusk times. Possible values are 0 or 1, where 1 notes that it is currently within the hours of daylight. (new to Version 1.8.8 build 872, currently in public beta testing phase)</description>
</item>
<item name="SunshineHours">
	<value><#SunshineHours></value>
	<unit></unit>
	<image></image>
	<class>dynamic</class>
	<description>Hours of sunshine so far today. Requires your station to have a solar sensor.</description>
</item>
<item name="YSunshineHours">
	<value><#YSunshineHours></value>
	<unit></unit>
	<image></image>
	<class>dynamic</class>
	<description>Total hours of sunshine yesterday. Requires your station to have a solar sensor.</description>
</item>
<item name="CurrentSolarMax">
	<value><#CurrentSolarMax></value>
	<unit></unit>
	<image></image>
	<class>dynamic</class>
	<description>Current theoretical maximum solar radiation for your location.</description>
</item>
<item name="IsSunny">
	<value><#IsSunny></value>
	<unit></unit>
	<image></image>
	<class>dynamic</class>
	<description>Returns 1 if the sun is shining, otherwise 0. Requires your station to have a solar sensor.</description>
</item>
<item name="MoonPercent">
	<value><#MoonPercent></value>
	<unit></unit>
	<image></image>
	<class>dynamic</class>
	<description>Current percentage of moon visible (negative value indicates 'waning')</description>
</item>
<item name="MoonPercentAbs">
	<value><#MoonPercentAbs></value>
	<unit></unit>
	<image></image>
	<class>dynamic</class>
	<description>Current percentage of moon visible (always positive)</description>
</item>
<item name="LowTempAlarm">
	<value><#LowTempAlarm></value>
	<unit></unit>
	<image></image>
	<class>dynamic</class>
	<description>Low Temperature Alarm</description>
</item>
<item name="HighTempAlarm">
	<value><#HighTempAlarm></value>
	<unit></unit>
	<image></image>
	<class>dynamic</class>
	<description>High Temperature Alarm</description>
</item>
<item name="TempChangeUpAlarm">
	<value><#TempChangeUpAlarm></value>
	<unit></unit>
	<image></image>
	<class>dynamic</class>
	<description>Temperature Increase Alarm</description>
</item>
<item name="TempChangeDownAlarm">
	<value><#TempChangeDownAlarm></value>
	<unit></unit>
	<image></image>
	<class>dynamic</class>
	<description>Temperature Decrease Alarm</description>
</item>
<item name="LowPressAlarm">
	<value><#LowPressAlarm></value>
	<unit></unit>
	<image></image>
	<class>dynamic</class>
	<description>Low Pressure Alarm</description>
</item>
<item name="HighPressAlarm">
	<value><#HighPressAlarm></value>
	<unit></unit>
	<image></image>
	<class>dynamic</class>
	<description>High Pressure Alarm</description>
</item>
<item name="PressChangeUpAlarm">
	<value><#PressChangeUpAlarm></value>
	<unit></unit>
	<image></image>
	<class>dynamic</class>
	<description>Pressure Increase Alarm</description>
</item>
<item name="PressChangeDownAlarm">
	<value><#PressChangeDownAlarm></value>
	<unit></unit>
	<image></image>
	<class>dynamic</class>
	<description>Pressure Decrease Alarm</description>
</item>
<item name="HighRainTodayAlarm">
	<value><#HighRainTodayAlarm></value>
	<unit></unit>
	<image></image>
	<class>dynamic</class>
	<description>High Rain Today Alarm</description>
</item>
<item name="HighRainRateAlarm">
	<value><#HighRainRateAlarm></value>
	<unit></unit>
	<image></image>
	<class>dynamic</class>
	<description>High Rainfall Rate Alarm</description>
</item>
<item name="HighWindSpeedAlarm">
	<value><#HighWindSpeedAlarm></value>
	<unit></unit>
	<image></image>
	<class>dynamic</class>
	<description>High Wind Speed Alarm</description>
</item>
<item name="HighWindGustAlarm">
	<value><#HighWindGustAlarm></value>
	<unit></unit>
	<image></image>
	<class>dynamic</class>
	<description>High Wind Gust Alarm</description>
</item>
<item name="recordsbegandate">
	<value><#recordsbegandate></value>
	<unit></unit>
	<image></image>
	<class>static</class>
	<description>The date that the all time records began</description>
</item>
<item name="newrecord">
	<value><#newrecord></value>
	<unit></unit>
	<image></image>
	<class>dynamic</class>
	<description>1 if the 'new record' light is flashing, 0 if not</description>
</item>
<item name="TempRecordSet">
	<value><#TempRecordSet></value>
	<unit></unit>
	<image></image>
	<class>dynamic</class>
	<description>1 if the indicator on the temperature tab on the all-time records screen is currently lit, 0 if not</description>
</item>
<item name="WindRecordSet">
	<value><#WindRecordSet></value>
	<unit></unit>
	<image></image>
	<class>dynamic</class>
	<description>1 if the indicator on the wind tab on the all-time records screen is currently lit, 0 if not</description>
</item>
<item name="RainRecordSet">
	<value><#RainRecordSet></value>
	<unit></unit>
	<image></image>
	<class>dynamic</class>
	<description>1 if the indicator on the rain tab on the all-time records screen is currently lit, 0 if not</description>
</item>
<item name="HumidityRecordSet">
	<value><#HumidityRecordSet></value>
	<unit></unit>
	<image></image>
	<class>dynamic</class>
	<description>1 if the indicator on the humidity tab on the all-time records screen is currently lit, 0 if not</description>
</item>
<item name="PressureRecordSet">
	<value><#PressureRecordSet></value>
	<unit></unit>
	<image></image>
	<class>dynamic</class>
	<description>1 if the indicator on the pressure tab on the all-time records screen is currently lit, 0 if not</description>
</item>
<item name="HighTempRecordSet">
	<value><#HighTempRecordSet></value>
	<unit></unit>
	<image></image>
	<class>dynamic</class>
	<description>1 if the all-time high temperature light is currently flashing, 0 if not</description>
</item>
<item name="LowTempRecordSet">
	<value><#LowTempRecordSet></value>
	<unit></unit>
	<image></image>
	<class>dynamic</class>
	<description>1 if the all-time low temperature light is currently flashing, 0 if not</description>
</item>
<item name="HighTempRangeRecordSet">
	<value><#HighTempRangeRecordSet></value>
	<unit></unit>
	<image></image>
	<class>dynamic</class>
	<description>1 if the all-time high temperature Range light is currently flashing, 0 if not</description>
</item>
<item name="LowTempRangeRecordSet">
	<value><#LowTempRangeRecordSet></value>
	<unit></unit>
	<image></image>
	<class>dynamic</class>
	<description>1 if the all-time low temperature light Range is currently flashing, 0 if not</description>
</item>
<item name="HighAppTempRecordSet">
	<value><#HighAppTempRecordSet></value>
	<unit></unit>
	<image></image>
	<class>dynamic</class>
	<description>1 if the all-time high apparent temperature light is currently flashing, 0 if not</description>
</item>
<item name="LowAppTempRecordSet">
	<value><#LowAppTempRecordSet></value>
	<unit></unit>
	<image></image>
	<class>dynamic</class>
	<description>1 if the all-time low apparent temperature light is currently flashing, 0 if not</description>
</item>
<item name="HighHeatIndexRecordSet">
	<value><#HighHeatIndexRecordSet></value>
	<unit></unit>
	<image></image>
	<class>dynamic</class>
	<description>1 if the all-time high heat index light is currently flashing, 0 if not</description>
</item>
<item name="LowWindChillRecordSet">
	<value><#LowWindChillRecordSet></value>
	<unit></unit>
	<image></image>
	<class>dynamic</class>
	<description>1 if the all-time low wind chill light is currently flashing, 0 if not</description>
</item>
<item name="HighDewPointRecordSet">
	<value><#HighDewPointRecordSet></value>
	<unit></unit>
	<image></image>
	<class>dynamic</class>
	<description>1 if the all-time high dew point light is currently flashing, 0 if not</description>
</item>
<item name="LowDewPointRecordSet">
	<value><#LowDewPointRecordSet></value>
	<unit></unit>
	<image></image>
	<class>dynamic</class>
	<description>1 if the all-time low dew point light is currently flashing, 0 if not</description>
</item>
<item name="HighMinTempRecordSet">
	<value><#HighMinTempRecordSet></value>
	<unit></unit>
	<image></image>
	<class>dynamic</class>
	<description>1 if the all-time high minimum temperature light is currently flashing, 0 if not</description>
</item>
<item name="LowMaxTempRecordSet">
	<value><#LowMaxTempRecordSet></value>
	<unit></unit>
	<image></image>
	<class>dynamic</class>
	<description>1 if the all-time low maximum temperature light is currently flashing, 0 if not</description>
</item>
<item name="HighWindGustRecordSet">
	<value><#HighWindGustRecordSet></value>
	<unit></unit>
	<image></image>
	<class>dynamic</class>
	<description>1 if the all-time high wind gust light is currently flashing, 0 if not</description>
</item>
<item name="HighWindSpeedRecordSet">
	<value><#HighWindSpeedRecordSet></value>
	<unit></unit>
	<image></image>
	<class>dynamic</class>
	<description>1 if the all-time high wind speed light is currently flashing, 0 if not</description>
</item>
<item name="HighRainRateRecordSet">
	<value><#HighRainRateRecordSet></value>
	<unit></unit>
	<image></image>
	<class>dynamic</class>
	<description>1 if the all-time high rain rate light is currently flashing, 0 if not</description>
</item>
<item name="HighHourlyRainRecordSet">
	<value><#HighHourlyRainRecordSet></value>
	<unit></unit>
	<image></image>
	<class>dynamic</class>
	<description>1 if the all-time high hourly rain light is currently flashing, 0 if not</description>
</item>
<item name="HighDailyRainRecordSet">
	<value><#HighDailyRainRecordSet></value>
	<unit></unit>
	<image></image>
	<class>dynamic</class>
	<description>1 if the all-time high daily rain light is currently flashing, 0 if not</description>
</item>
<item name="HighMonthlyRainRecordSet">
	<value><#HighMonthlyRainRecordSet></value>
	<unit></unit>
	<image></image>
	<class>dynamic</class>
	<description>1 if the all-time high monthly rain light is currently flashing, 0 if not</description>
</item>
<item name="LongestDryPeriodRecordSet">
	<value><#LongestDryPeriodRecordSet></value>
	<unit></unit>
	<image></image>
	<class>dynamic</class>
	<description>1 if the all-time longest dry period light is currently flashing, 0 if not</description>
</item>
<item name="LongestWetPeriodRecordSet">
	<value><#LongestWetPeriodRecordSet></value>
	<unit></unit>
	<image></image>
	<class>dynamic</class>
	<description>1 if the all-time longest wet period light is currently flashing, 0 if not</description>
</item>
<item name="HighHumidityRecordSet">
	<value><#HighHumidityRecordSet></value>
	<unit></unit>
	<image></image>
	<class>dynamic</class>
	<description>1 if the all-time high humidity light is currently flashing, 0 if not</description>
</item>
<item name="LowHumidityRecordSet">
	<value><#LowHumidityRecordSet></value>
	<unit></unit>
	<image></image>
	<class>dynamic</class>
	<description>1 if the all-time low humidity light is currently flashing, 0 if not</description>
</item>
<item name="HighPressureRecordSet">
	<value><#HighPressureRecordSet></value>
	<unit></unit>
	<image></image>
	<class>dynamic</class>
	<description>1 if the all-time high pressure light is currently flashing, 0 if not</description>
</item>
<item name="LowPressureRecordSet">
	<value><#LowPressureRecordSet></value>
	<unit></unit>
	<image></image>
	<class>dynamic</class>
	<description>1 if the all-time low pressure light is currently flashing, 0 if not</description>
</item>
<item name="HighWindrunRecordSet">
	<value><#HighWindrunRecordSet></value>
	<unit></unit>
	<image></image>
	<class>dynamic</class>
	<description>1 if the all-time high wind run light is currently flashing, 0 if not</description>
</item>
<item name="ExtraTemp1">
	<value><#ExtraTemp1></value>
	<unit><![CDATA[<#tempunit>]]></unit>
	<image></image>
	<class>dynamic</class>
	<description></description>
</item>
<item name="ExtraTemp2">
	<value><#ExtraTemp2></value>
	<unit><![CDATA[<#tempunit>]]></unit>
	<image></image>
	<class>dynamic</class>
	<description></description>
</item>
<item name="ExtraTemp3">
	<value><#ExtraTemp3></value>
	<unit><![CDATA[<#tempunit>]]></unit>
	<image></image>
	<class>dynamic</class>
	<description></description>
</item>
<item name="ExtraDP1">
	<value><#ExtraDP1></value>
	<unit><![CDATA[<#tempunit>]]></unit>
	<image></image>
	<class>dynamic</class>
	<description></description>
</item>
<item name="ExtraDP2">
	<value><#ExtraDP2></value>
	<unit><![CDATA[<#tempunit>]]></unit>
	<image></image>
	<class>dynamic</class>
	<description></description>
</item>
<item name="ExtraDP3">
	<value><#ExtraDP3></value>
	<unit><![CDATA[<#tempunit>]]></unit>
	<image></image>
	<class>dynamic</class>
	<description></description>
</item>
<item name="ExtraHum1">
	<value><#ExtraHum1></value>
	<unit>%</unit>
	<image></image>
	<class>dynamic</class>
	<description></description>
</item>
<item name="ExtraHum2">
	<value><#ExtraHum2></value>
	<unit>%</unit>
	<image></image>
	<class>dynamic</class>
	<description></description>
</item>
<item name="ExtraHum3">
	<value><#ExtraHum3></value>
	<unit>%</unit>
	<image></image>
	<class>dynamic</class>
	<description></description>
</item>
<item name="DavisTotalPacketsReceived">
	<value><#DavisTotalPacketsReceived></value>
	<unit>%</unit>
	<image></image>
	<class>dynamic</class>
	<description>Davis Only. Total number of data packets received</description>
</item>
<item name="DavisTotalPacketsMissed">
	<value><#DavisTotalPacketsMissed></value>
	<unit>%</unit>
	<image></image>
	<class>dynamic</class>
	<description>Davis Only. Total number of data packets Missed</description>
</item>
<item name="DavisNumberOfResynchs">
	<value><#DavisNumberOfResynchs></value>
	<unit>%</unit>
	<image></image>
	<class>dynamic</class>
	<description>Davis Only. Number of times the console resynchronised with the transmitter</description>
</item>
<item name="DavisMaxInARow">
	<value><#DavisMaxInARow></value>
	<unit>%</unit>
	<image></image>
	<class>dynamic</class>
	<description>Davis Only. Longest streak of consecutive packets received</description>
</item>
<item name="DavisNumCRCerrors">
	<value><#DavisNumCRCerrors></value>
	<unit>%</unit>
	<image></image>
	<class>dynamic</class>
	<description>Davis Only. Number of packets received with CRC errors</description>
</item>
<item name="THWindex">
	<value><#THWindex></value>
	<unit>%</unit>
	<image></image>
	<class>dynamic</class>
	<description>Davis Only. A derived temperature using Temperature/Humidity/Wind values</description>
</item>
<item name="THSWindex">
	<value><#THSWindex></value>
	<unit>%</unit>
	<image></image>
	<class>dynamic</class>
	<description>Davis Only. A derived temperature using Temperature/Humidity/Solar/Wind values</description>
</item>
<item name="Light">
	<value><#Light></value>
	<unit>%</unit>
	<image></image>
	<class>dynamic</class>
	<description>Fine Offset 3080 Only. Current Lux value</description>
</item>
<item name="OsVersion">
	<value><#OsVersion></value>
	<unit></unit>
	<image></image>
	<class>static</class>
	<description>OS Version</description>
</item>
<item name="OsLanguage">
	<value><#OsLanguage></value>
	<unit></unit>
	<image></image>
	<class>static</class>
	<description>OS Language</description>
</item>
<item name="SystemUpTime">
	<value><#SystemUpTime></value>
	<unit></unit>
	<image></image>
	<class>static</class>
	<description>System Up Time</description>
</item>
<item name="ProgramUpTime">
	<value><#ProgramUpTime></value>
	<unit></unit>
	<image></image>
	<class>static</class>
	<description>Program Up Time</description>
</item>
<item name="CpuName">
	<value><#CpuName></value>
	<unit></unit>
	<image></image>
	<class>static</class>
	<description>CPU Type</description>
</item>
<item name="CpuCount">
	<value><#CpuCount></value>
	<unit></unit>
	<image></image>
	<class>static</class>
	<description>CPU Count</description>
</item>
<item name="MemoryStatus">
	<value><#MemoryStatus></value>
	<unit></unit>
	<image></image>
	<class>static</class>
	<description>Memory Status</description>
</item>
<item name="DisplayMode">
	<value><#DisplayMode></value>
	<unit></unit>
	<image></image>
	<class>static</class>
	<description>Display Mode</description>
</item>
<item name="AllocatedMemory">
	<value><#AllocatedMemory></value>
	<unit></unit>
	<image></image>
	<class>static</class>
	<description>Allocated Memory</description>
</item>
<item name="DiskSize">
	<value><#DiskSize></value>
	<unit></unit>
	<image></image>
	<class>static</class>
	<description>Disk Size</description>
</item>
<item name="DiskFree">
	<value><#DiskFree></value>
	<unit></unit>
	<image></image>
	<class>static</class>
	<description>Free Space</description>
</item>
<item name="RCdew">
	<value><#RCdew></value>
	<unit><![CDATA[<#tempunit>]]></unit>
	<image></image>
	<class>dynamic</class>
	<description>RC (no comma) Dew Point</description>
</item>
<item name="RCheatindex">
	<value><#RCheatindex></value>
	<unit><![CDATA[<#tempunit>]]></unit>
	<image></image>
	<class>dynamic</class>
	<description>RC (no comma) Heat Index</description>
</item>
<item name="RChum">
	<value><#RChum></value>
	<unit>%</unit>
	<image></image>
	<class>dynamic</class>
	<description>RC (no comma) outside humidity</description>
</item>
<item name="RCinhum">
	<value><#RCinhum></value>
	<unit>%</unit>
	<image></image>
	<class>dynamic</class>
	<description>RC (no comma) inside humidity</description>
</item>
<item name="RCintemp">
	<value><#RCintemp></value>
	<unit><![CDATA[<#tempunit>]]></unit>
	<image></image>
	<class>dynamic</class>
	<description>RC (no comma) inside temperature</description>
</item>
<item name="RCpress">
	<value><#RCpress></value>
	<unit><![CDATA[&nbsp;<#pressunit>]]></unit>
	<image></image>
	<class>dynamic</class>
	<description>RC (no comma) pressure</description>
</item>
<item name="RCpressTH">
	<value><#RCpressTH></value>
	<unit><![CDATA[&nbsp;<#pressunit>]]></unit>
	<image></image>
	<class>dynamic</class>
	<description>RC (no comma) high pressure</description>
</item>
<item name="RCpressTL">
	<value><#RCpressTL></value>
	<unit><![CDATA[&nbsp;<#pressunit>]]></unit>
	<image></image>
	<class>dynamic</class>
	<description>RC (no comma) low pressure</description>
</item>
<item name="RCrfall">
	<value><#RCrfall></value>
	<unit><![CDATA[&nbsp;<#rainunit>]]></unit>
	<image></image>
	<class>dynamic</class>
	<description>RC (no comma) rainfall</description>
</item>
<item name="RCrrate">
	<value><#RCrrate></value>
	<unit><![CDATA[&nbsp;<#rainunit>/hr]]></unit>
	<image></image>
	<class>dynamic</class>
	<description>RC (no comma) rainfall rate</description>
</item>
<item name="RCrrateTM">
	<value><#RCrrateTM></value>
	<unit><![CDATA[&nbsp;<#rainunit>/hr]]></unit>
	<image></image>
	<class>dynamic</class>
	<description>RC (no comma) high rainfall rate</description>
</item>
<item name="RCtemp">
	<value><#RCtemp></value>
	<unit><![CDATA[<#tempunit>]]></unit>
	<image></image>
	<class>dynamic</class>
	<description>RC (no comma) outside temperature</description>
</item>
<item name="RCtempTH">
	<value><#RCtempTH></value>
	<unit><![CDATA[<#tempunit>]]></unit>
	<image></image>
	<class>dynamic</class>
	<description>RC (no comma) outside high temperature</description>
</item>
<item name="RCtempTL">
	<value><#RCtempTL></value>
	<unit><![CDATA[<#tempunit>]]></unit>
	<image></image>
	<class>dynamic</class>
	<description>RC (no comma) outside low temperature</description>
</item>
<item name="RCwchill">
	<value><#RCwchill></value>
	<unit><![CDATA[<#tempunit>]]></unit>
	<image></image>
	<class>dynamic</class>
	<description>RC (no comma) wind chill</description>
</item>
<item name="RCwgust">
	<value><#RCwgust></value>
	<unit><![CDATA[&nbsp;<#windunit>]]></unit>
	<image></image>
	<class>dynamic</class>
	<description>RC (no comma) wind gust</description>
</item>
<item name="RCwgustTM">
	<value><#RCwgustTM></value>
	<unit><![CDATA[&nbsp;<#windunit>]]></unit>
	<image></image>
	<class>dynamic</class>
	<description>RC (no comma) high wind gust</description>
</item>
<item name="RCwspeed">
	<value><#RCwspeed></value>
	<unit><![CDATA[&nbsp;<#windunit>]]></unit>
	<image></image>
	<class>dynamic</class>
	<description>RC (no comma) wind speed</description>
</item>
</weatherdata>
