{
	"fields": {
		"accessible": {
			"fieldClass": "hideme"
		},
		"explanation": {
			"type": "textarea",
			"rows": 8,
			"validate": false
		},
		"pressure": {
			"collapsible": true,
			"collapsed": true,
			"fields": {
				"offset": {
					"label": "Offset:",
					"helper" : "Adds or subtracts a constant value from the raw reading, this shifts the value a constant amount"
				},
				"multiplier": {
					"label": "Multiplier:",
					"helper" :"Multiply the raw reading by a constant, this affects the slope of the response"
				},
				"spike": {
					"label": "Spike removal:",
					"helper" : "If the change in the raw value between consecutive readings is greater than this value it will be ignored"
				},
				"limitmin": {
					"label": "Min. limit (hPa):",
					"helper" : "If the raw value is less this limit value it will be ignored"
				},
				"limitmax": {
					"label": "Max. limit (hPa):",
					"helper" : "If the raw value is greater than this limit value it will be ignored"
				}
			}
		},
		"temp": {
			"collapsible": true,
			"collapsed": true,
			"fields": {
				"offset": {
					"label": "Offset:",
					"helper" : "Adds or subtracts a constant value from the raw reading, this shifts the value a constant amount"
				},
				"multiplier": {
					"label": "Multiplier:",
					"helper" :"Multiply the raw reading by a constant, this affects the slope of the response"
				},
				"multiplier2": {
					"label": "Multiplier ^2:",
					"helper": "The Multiplier ^2 affects the curve of the correction"
				},
				"spike": {
					"label": "Spike removal:",
					"helper" : "If the change in the raw value between consecutive readings is greater than this value it will be ignored"
				},
				"limitmin": {
					"label": "Min. limit (°C):",
					"helper" : "If the raw value is less this limit value it will be ignored"
				},
				"limitmax": {
					"label": "Max. limit (°C):",
					"helper" : "If the raw value is greater than this limit value it will be ignored"
				}
			}
		},
		"tempin": {
			"collapsible": true,
			"collapsed": true,
			"fields": {
				"offset": {
					"label": "Offset:",
					"helper" : "Adds or subtracts a constant value from the raw reading, this shifts the value a constant amount"
				}
			}
		},
		"hum": {
			"collapsible": true,
			"collapsed": true,
			"fields": {
				"offset": {
					"label": "Offset:",
					"helper" : "Adds or subtracts a constant value from the raw reading, this shifts the value a constant amount"
				},
				"multiplier": {
					"label": "Multiplier:",
					"helper" :"Multiply the raw reading by a constant, this affects the slope of the response"
				},
				"multiplier2": {
					"label": "Multiplier ^2:",
					"helper": "The Multiplier ^2 affects the curve of the correction"
				},
				"spike": {
					"label": "Spike removal:",
					"helper" : "If the change in the raw value between consecutive readings is greater than this value it will be ignored"
				}
			}
		},
		"windspd": {
			"collapsible": true,
			"collapsed": true,
			"fields": {
				"multiplier": {
					"label": "Multiplier:",
					"helper" :"Multiply the raw reading by a constant, this affects the slope of the response"
				},
				"spike": {
					"label": "Spike removal:",
					"helper" : "If the change in the raw value between consecutive readings is greater than this value it will be ignored"
				}
			}
		},
		"gust": {
			"collapsible": true,
			"collapsed": true,
			"fields": {
				"multiplier": {
					"label": "Multiplier:",
					"helper" :"Multiply the raw reading by a constant, this affects the slope of the response"
				},
				"spike": {
					"label": "Spike removal:",
					"helper" : "If the change in the raw value between consecutive readings is greater than this value it will be ignored"
				},
				"limitmax": {
					"label": "Max. limit (m/s):",
					"helper" : "If the raw value is greater than this limit value it will be ignored"
				}
			}
		},
		"winddir": {
			"collapsible": true,
			"collapsed": true,
			"fields": {
				"offset": {
					"label": "Offset:",
					"helper" : "Adds or subtracts a constant value from the raw reading, this shifts the value a constant amount"
				}
			}
		},
		"rain": {
			"collapsible": true,
			"collapsed": true,
			"fields": {
				"multiplier": {
					"label": "Multiplier:",
					"helper" :"Multiply the raw reading by a constant, this affects the slope of the response"
				},
				"spikerate": {
					"label": "Rain rate spike removal:",
					"helper" : "If the change in the raw value between consecutive readings is greater than this value it will be ignored"
				},
				"spikehour": {
					"label": "Rain per hour spike removal:",
					"helper" : "If the change in the raw value between consecutive readings is greater than this value it will be ignored"
				}
			}
		},
		"solar": {
			"collapsible": true,
			"collapsed": true,
			"fields": {
				"offset": {
					"label": "Offset:",
					"helper" : "Adds or subtracts a constant value from the raw reading, this shifts the value a constant amount"
				},
				"multiplier": {
					"label": "Multiplier:",
					"helper" :"Multiply the raw reading by a constant, this affects the slope of the response"
				}
			}
		},
		"uv": {
			"collapsible": true,
			"collapsed": true,
			"fields": {
				"offset": {
					"label": "Offset:",
					"helper" : "Adds or subtracts a constant value from the raw reading, this shifts the value a constant amount"
				},
				"multiplier": {
					"label": "Multiplier:",
					"helper" :"Multiply the raw reading by a constant, this affects the slope of the response"
				}
			}
		},
		"dewpt": {
			"collapsible": true,
			"collapsed": true,
			"fields": {
				"limitmax": {
					"label": "Max. limit (°C):",
					"helper" : "If the dew point value is greater than this limit the value it will be ignored"
				}
			}
		},
		"wetbulb": {
			"collapsible": true,
			"collapsed": true,
			"fields": {
				"offset": {
					"label": "Offset:",
					"helper" : "Adds or subtracts a constant value from the raw reading, this shifts the value a constant amount"
				},
				"multiplier": {
					"label": "Multiplier:",
					"helper" :"Multiply the raw reading by a constant, this affects the slope of the response"
				}
			}
		}
	}
}