{
	"type": "object",
	"properties": {
		"accessible": {
			"type": "boolean"
		},
		"explanation": {
			"default": "Calibration factors to adjust the raw readings from your sensors\nThe formula applied is: newVal = (rawVal * multiplier) + offset\n\nFor temperature and humidity a non-linear multiplier2 is available...\nThe formula applied then is: newVal = (rawVal * rawVal * multiplier2) + (rawVal * multiplier) + offset\n\nThe general case is the familar formula: newVal = ax² + bx + c\nWhere a = multiplier2, b = multiplier, c = offset",
			"readonly": true
		},
		"pressure": {
			"type": "object",
			"title": "Pressure",
			"properties": {
				"offset": {
					"type": "number"
				},
				"multiplier": {
					"type": "number"
				},
				"spike": {
					"type": "number"
				},
				"limitmin": {
					"type": "number",
					"minimum" : 500,
					"maximum": 1300
				},
				"limitmax": {
					"type": "number",
					"minimum" : 500,
					"maximum": 1300
				}
			}
		},
		"temp": {
			"type": "object",
			"title": "Outdoor Temperature",
			"properties": {
				"offset": {
					"type": "number"
				},
				"multiplier": {
					"type": "number"
				},
				"multiplier2": {
					"type": "number"
				},
				"spike": {
					"type": "number"
				},
				"limitmin": {
					"type": "number"
				},
				"limitmax": {
					"type": "number",
					"minimum": -60,
					"maximum": 60
				},
				"dewmax":{
					"type": "number",
					"minimum": -80,
					"maximum": 60
				}
			}
		},
		"tempin": {
			"type": "object",
			"title": "Indoor Temperature",
			"properties": {
				"offset": {
					"type": "number"
				}
			}
		},
		"hum": {
			"type": "object",
			"title": "Outdoor Humidity",
			"properties": {
				"offset": {
					"type": "integer"
				},
				"multiplier": {
					"type": "number"
				},
				"multiplier2": {
					"type": "number"
				},
				"spike": {
					"type": "number"
				}
			}
		},
		"windspd": {
			"type": "object",
			"title": "Wind Speed",
			"properties": {
				"multiplier": {
					"type": "number"
				},
				"spike": {
					"type": "number"
				}
			}
		},
		"gust": {
			"type": "object",
			"title": "Wind Gust",
			"properties": {
				"multiplier": {
					"type": "number"
				},
				"spike": {
					"type": "number"
				},
				"limitmax": {
					"type": "number",
					"minimum": 0,
					"maximum": 90
				}
			}
		},
		"winddir": {
			"type": "object",
			"title": "Wind Direction",
			"properties": {
				"offset": {
					"type": "number",
					"minimum": -180,
					"maximum": 180
				}
			}
		},
		"rain": {
			"type": "object",
			"title": "Rainfall",
			"properties": {
				"multiplier": {
					"type": "number"
				},
				"spikerate": {
					"type": "number"
				},
				"spikehour": {
					"type": "number"
				}
			}
		},
		"solar": {
			"type": "object",
			"title": "Solar",
			"properties": {
				"offset": {
					"type": "number"
				},
				"multiplier": {
					"type": "number"
				}
			}
		},
		"uv": {
			"type": "object",
			"title": "UV Index",
			"properties": {
				"offset": {
					"type": "number"
				},
				"multiplier": {
					"type": "number"
				}
			}
		},
		"dewpt": {
			"type": "object",
			"title": "Dew Point",
			"properties": {
				"limitmax": {
					"type": "number"
				}
			}
		},
		"wetbulb": {
			"type": "object",
			"title": "Wet Bulb Temperature",
			"properties": {
				"offset": {
					"type": "number"
				},
				"multiplier": {
					"type": "number"
				}
			}
		}
	}
}