{
	"type": "object",
	"properties": {
		"accessible": {
			"type": "boolean"
		},
		"autosave": {
			"type": "boolean"
		},
		"sitedetails": {
			"type": "object",
			"title": "Site Details",
			"properties": {
				"sitename": {
				},
				"city": {
				},
				"state": {
				}
			}
		},
		"outputfiles": {
			"type": "object",
			"title": "Output Files",
			"properties": {
				"monthfileformat": {
				},
				"yearfileformat": {
				}
			}
		},
		"options": {
			"type": "object",
			"title": "Report Options",
			"properties": {
				"timeformat": {
					"enum": [0, 1]
				},
				"utf8": {
					"type": "boolean"
				},
				"dotdecimal": {
					"type": "boolean"
				},
				"minmaxavg": {
					"type": "boolean"
				}
			}
		},
		"ftp": {
			"type": "object",
			"title": "FTP Options",
			"properties": {
				"autotransfer": {
					"type": "boolean"
				},
				"dstfolder": {
				}
			},
			"dependencies": {
				"dstfolder": ["autotransfer"]
			}
		},
		"copy": {
			"type": "object",
			"title": "Local Copy Options",
			"properties": {
				"autotransfer": {
					"type": "boolean"
				},
				"dstfolder": {
				}
			},
			"dependencies": {
				"dstfolder": ["autotransfer"]
			}
		},
		"thresholds": {
			"type": "object",
			"title": "Thresholds",
			"properties": {
				"heatingthreshold": {
					"type": "number"
				},
				"coolingthreshold": {
					"type": "number"
				},
				"maxtempcomp1": {
					"type": "number"
				},
				"maxtempcomp2": {
					"type": "number"
				},
				"mintempcomp1": {
					"type": "number"
				},
				"mintempcomp2": {
					"type": "number"
				},
				"raincomp1": {
					"type": "number"
				},
				"raincomp2": {
					"type": "number"
				},
				"raincomp3": {
					"type": "number"
				}
			}
		},
		"normalmeantemps": {
			"type": "object",
			"title": "Normal Mean Temperatures",
			"properties": {
				"jan": {
					"type": "number"
				},
				"feb": {
					"type": "number"
				},
				"mar": {
					"type": "number"
				},
				"apr": {
					"type": "number"
				},
				"may": {
					"type": "number"
				},
				"jun": {
					"type": "number"
				},
				"jul": {
					"type": "number"
				},
				"aug": {
					"type": "number"
				},
				"sep": {
					"type": "number"
				},
				"oct": {
					"type": "number"
				},
				"nov": {
					"type": "number"
				},
				"dec": {
					"type": "number"
				}
			}
		},
		"normalrain": {
			"type": "object",
			"title": "Normal Precipitation",
			"properties": {
				"jan": {
					"type": "number"
				},
				"feb": {
					"type": "number"
				},
				"mar": {
					"type": "number"
				},
				"apr": {
					"type": "number"
				},
				"may": {
					"type": "number"
				},
				"jun": {
					"type": "number"
				},
				"jul": {
					"type": "number"
				},
				"aug": {
					"type": "number"
				},
				"sep": {
					"type": "number"
				},
				"oct": {
					"type": "number"
				},
				"nov": {
					"type": "number"
				},
				"dec": {
					"type": "number"
				}
			}
		}
	}
}