{
    "type": "object",
    "properties": {
        "accessible": {
            "type": "boolean"
        },
        "startup": {
            "title": "Start-up Options",
            "type": "object",
            "properties": {
                "startuphostping": {
                    "title": "Host to PING on program start-up",
                    "type": "string"
                },
                "startuppingescape": {
                    "title": "PING escape time (mins)",
                    "type": "integer",
                    "minimum": 1
                },
                "startupdelay": {
                    "title": "Start-up Delay (secs)",
                    "type": "integer",
                    "minimum": 0
                },
                "startupdelaymaxuptime" : {
                    "title": "Max system uptime to apply the start-up delay",
                    "type": "integer",
                    "minimum": 0
                }
            }
        },
        "logging": {
            "title": "Logging Options",
            "type": "object",
            "properties": {
                "debuglogging": {
                    "type": "boolean"
                },
                "datalogging": {
                    "type": "boolean"
                },
                "ftplogging": {
                    "type": "boolean"
                },
                "emaillogging": {
                    "type": "boolean"
                },
                "spikelogging": {
                    "type": "boolean"
                }
            }
        },
        "options": {
            "title": "General Options",
            "type": "object",
            "properties": {
                "stopsecondinstance": {
                    "type": "boolean"
                },
                "listwebtags": {
                    "type": "boolean"
                }
            }
        },
        "culture": {
            "title": "Culture Over-rides",
            "type": "object",
            "properties": {
                "removespacefromdateseparator": {
                    "type": "boolean"
                }
            }
        }
    }
}