{
	"type": "object",
	"properties": {
		"stationid": {
		},
		"accessible": {
			"type": "boolean"
		},
		"general": {
			"title": "General Settings",
			"type": "object",
			"properties": {
				"stationtype": {
					"enum": [-1,0,1,2,3,4,5,6,7,8,9,10,11,12,13,14,15,16],
					"required": true
				},
				"stationmodel": {
					"type": "string"
				},
				"loginterval": {
					"enum": [0,1,2,3,4,5],
					"required": true
				},
				"logrollover": {
					"title": "Log&nbsp;Rollover",
					"type": "object",
					"properties": {
						"time": {
							"enum": [
								"9am",
								"midnight"
							],
							"required": true
						},
						"summer10am": {
							"type": "boolean",
							"dependencies": "time"
						}
					}
				},
				"units": {
					"title": "Units",
					"type": "object",
					"properties": {
						"wind": {
							"enum": [0,1,2,3],
							"required": true
						},
						"pressure": {
							"enum": [0,1,2],
							"required": true
						},
						"temp": {
							"title": "Temperature",
							"enum": [0,1],
							"required": true
						},
						"rain": {
							"title": "Rain",
							"enum": [0,1],
							"required": true
						},
						"cloudbaseft": {
							"type": "boolean"
						},
						"advanced": {
							"title": "Advanced Options",
							"type": "object",
							"properties": {
								"tempdp": {
									"type": "integer",
									"minimum": 0,
									"maximum": 3
								},
								"pressdp": {
									"type": "integer",
									"minimum": 0,
									"maximum": 3
								},
								"raindp": {
									"type": "integer",
									"minimum": 0,
									"maximum": 3
								},
								"winddp": {
									"type": "integer",
									"minimum": 0,
									"maximum": 3
								},
								"windavgdp": {
									"type": "integer",
									"minimum": 0,
									"maximum": 3
								},
								"windrundp": {
									"type": "integer",
									"minimum": 0,
									"maximum": 3
								},
								"airqulaitydp": {
									"type": "integer",
									"minimum": 0,
									"maximum": 3
								},
								"sunshinedp": {
									"type": "integer",
									"minimum": 0,
									"maximum": 3
								},
								"uvdp": {
									"type": "integer",
									"minimum": 0,
									"maximum": 1
								}
							}
						}
					}
				},
				"Location": {
					"title": "Location",
					"type": "object",
					"properties": {
						"sitename": {
							"type": "string"
						},
						"description": {
							"type": "string"
						},
						"altitude": {
							"title": "Altitude",
							"type": "integer"
						},
						"altitudeunit": {
							"title": "Altitude units",
							"type": "string",
							"enum": [
								"feet",
								"metres"
							],
							"required": true
						},
						"anemomheight": {
							"title": "Anemometer height",
							"type": "number",
							"minimum": 1,
							"maximum": 30
						},
						"Latitude": {
							"title": "Latitude",
							"type": "object",
							"properties": {
								"degrees": {
									"type": "integer",
									"minimum": 0,
									"maximum": 90,
									"required": true
								},
								"minutes": {
									"type": "integer",
									"minimum": 0,
									"maximum": 59
								},
								"seconds": {
									"type": "integer",
									"minimum": 0,
									"maximum": 59
								},
								"hemisphere": {
									"enum": [
										"North",
										"South"
									],
									"required": true
								}
							}
						},
						"Longitude": {
							"title": "Longitude",
							"type": "object",
							"properties": {
								"degrees": {
									"type": "integer",
									"minimum": 0,
									"maximum": 180,
									"required": true
								},
								"minutes": {
									"type": "integer",
									"minimum": 0,
									"maximum": 59
								},
								"seconds": {
									"type": "integer",
									"minimum": 0,
									"maximum": 59
								},
								"hemisphere": {
									"type": "string",
									"enum": [
										"East",
										"West"
									],
									"required": true
								}
							}
						}
					}
				},
				"advanced": {
					"title": "Advanced Options",
					"type": "object",
					"properties": {
						"recsbegandate": {
							"type": "string"
						},
						"recstimeout": {
							"type": "integer",
							"minimum": 1,
							"maximum": 9999
						}
					}
				}
			}
		},
		"davisvp2": {
			"title": "Davis VP/VP2/Vue",
			"type": "object",
			"properties": {
				"davisconn": {
					"title": "Davis Connection Settings",
					"type": "object",
					"properties": {
						"conntype": {
							"enum": [0,2]
						},
						"comportname": {
							"type": "string"
						},
						"tcpsettings": {
							"title": "TCP/IP settings",
							"type": "object",
							"properties": {
								"ipaddress": {
								},
								"disconperiod": {
									"type": "integer",
									"minimum": 0,
									"maximum": 50
								}
							}
						}
					},
					"dependencies": {
						"comportname": ["conntype"],
						"tcpsettings": ["conntype"]
					}
				},
				"advanced": {
					"title": "Davis Advanced Options",
					"type": "object",
					"properties": {
						"conntype": {
						},
						"syncstationclock": {
							"type": "boolean"
						},
						"syncclockhour": {
							"enum": [0,1,2,3,4,5,6,7,8,9,10,11,12,13,14,15,16,17,18,19,20,21,22,23]
						},
						"readreceptionstats": {
							"type": "boolean"
						},
						"setloggerinterval": {
							"type": "boolean"
						},
						"useloop2": {
							"type": "boolean"
						},
						"vp1minbarupdate": {
							"type": "boolean"
						},
						"raingaugetype": {
							"enum": [-1, 0, 1]
						},
						"initwaittime": {
							"type": "integer",
							"minimum": 0,
							"maximum": 5000
						},
						"ipresponsetime": {
							"type": "integer",
							"minimum": 0,
							"maximum": 2000
						},
						"tcpport": {
							"type": "integer",
							"minimum": 0,
							"maximum": 65536
						},
						"baudrate": {
							"enum": [1200, 2400, 4800, 9600, 14400, 19200]
						}
					},
					"dependencies": {
						"initwaittime": ["conntype"],
						"ipresponsetime": ["conntype"],
						"baudrate": ["conntype"],
						"tcpport": ["conntype"]
					}
				}
			},
			"dependencies": ["stationid"]
		},
		"daviswll": {
			"title": "Davis WeatherLink Live",
			"type": "object",
			"properties": {
				"network": {
					"title": "Network Settings",
					"type": "object",
					"properties": {
						"autoDiscover": {
							"type": "boolean"
						},
						"ipaddress": {
						}
					}
				},
				"api": {
					"title": "WeatherLink.com API details",
					"type": "object",
					"properties": {
						"apiKey": {
						},
						"apiSecret": {
						},
						"apiStationId": {
							"type": "integer"
						}
					}
				},
				"primary": {
					"title": "Primary Sensors",
					"type": "object",
					"properties": {
						"wind": {
							"enum": [1,2,3,4,5,6,7,8]
						},
						"temphum": {
							"enum": [1,2,3,4,5,6,7,8]
						},
						"rain": {
							"enum": [1,2,3,4,5,6,7,8]
						},
						"solar": {
							"enum": [0,1,2,3,4,5,6,7,8]
						},
						"uv": {
							"enum": [0,1,2,3,4,5,6,7,8]
						}
					}
				},
				"soilLeaf": {
					"title": "Extra Soil/Leaf Sensors (6345)",
					"type": "object",
					"properties": {
						"extraSoilTemp": {
							"title": "Extra Soil Temperature Sensors",
							"type": "object",
							"properties": {
								"soilTempTx1": {
									"enum": [0,1,2,3,4,5,6,7,8]
								},
								"soilTempIdx1": {
									"enum": [1,2,3,4]
								},
								"soilTempTx2": {
									"enum": [0,1,2,3,4,5,6,7,8]
								},
								"soilTempIdx2": {
									"enum": [1,2,3,4]
								},
								"soilTempTx3": {
									"enum": [0,1,2,3,4,5,6,7,8]
								},
								"soilTempIdx3": {
									"enum": [1,2,3,4]
								},
								"soilTempTx4": {
									"enum": [0,1,2,3,4,5,6,7,8]
								},
								"soilTempIdx4": {
									"enum": [1,2,3,4]
								}
							}
						},
						"extraSoilMoist": {
							"title": "Extra Soil Moisture Sensors",
							"type": "object",
							"properties": {
								"soilMoistTx1": {
									"enum": [0,1,2,3,4,5,6,7,8]
								},
								"soilMoistIdx1": {
									"enum": [1,2,3,4]
								},
								"soilMoistTx2": {
									"enum": [0,1,2,3,4,5,6,7,8]
								},
								"soilMoistIdx2": {
									"enum": [1,2,3,4]
								},
								"soilMoistTx3": {
									"enum": [0,1,2,3,4,5,6,7,8]
								},
								"soilMoistIdx3": {
									"enum": [1,2,3,4]
								},
								"soilMoistTx4": {
									"enum": [0,1,2,3,4,5,6,7,8]
								},
								"soilMoistIdx4": {
									"enum": [1,2,3,4]
								}
							}
						},
						"extraLeaf": {
							"title": "Extra Leaf Wetness Sensors",
							"type": "object",
							"properties": {
								"leafTx1": {
									"enum": [0,1,2,3,4,5,6,7,8]
								},
								"leafIdx1": {
									"enum": [1,2]
								},
								"leafTx2": {
									"enum": [0,1,2,3,4,5,6,7,8]
								},
								"leafIdx2": {
									"enum": [1,2]
								}
							}
						}
					}
				},
				"extraTemp": {
					"title": "Extra Temperature (Temp/Humidity) Sensors",
					"type": "object",
					"properties": {
						"extraTempTx1": {
							"enum": [0,1,2,3,4,5,6,7,8]
						},
						"extraHumTx1": {
							"type": "boolean"
						},
						"extraTempTx2": {
							"enum": [0,1,2,3,4,5,6,7,8]
						},
						"extraHumTx2": {
							"type": "boolean"
						},
						"extraTempTx3": {
							"enum": [0,1,2,3,4,5,6,7,8]
						},
						"extraHumTx3": {
							"type": "boolean"
						},
						"extraTempTx4": {
							"enum": [0,1,2,3,4,5,6,7,8]
						},
						"extraHumTx4": {
							"type": "boolean"
						},
						"extraTempTx5": {
							"enum": [0,1,2,3,4,5,6,7,8]
						},
						"extraHumTx5": {
							"type": "boolean"
						},
						"extraTempTx6": {
							"enum": [0,1,2,3,4,5,6,7,8]
						},
						"extraHumTx6": {
							"type": "boolean"
						},
						"extraTempTx7": {
							"enum": [0,1,2,3,4,5,6,7,8]
						},
						"extraHumTx7": {
							"type": "boolean"
						},
						"extraTempTx8": {
							"enum": [0,1,2,3,4,5,6,7,8]
						},
						"extraHumTx8": {
							"type": "boolean"
						}
					}
				},
				"advanced": {
					"title": "Advanced Options",
					"type": "object",
					"properties": {
						"raingaugetype": {
							"enum": [-1, 0, 1, 2, 3]
						},
						"tcpport": {
							"type": "integer",
							"minimum": 0,
							"maximum": 65536
						}
					}
				}
			},
			"dependencies": ["stationid"]
		},
		"gw1000": {
			"title": "Ecowitt GW1000 Settings",
			"type": "object",
			"properties": {
				"autoDiscover" : {
					"type": "boolean"
				},
				"ipaddress": {
				},
				"macaddress": {
				}
			},
			"dependencies": ["stationid"]
		},
		"weatherflow": {
			"title": "WeatherFlow Settings",
			"type": "object",
				"properties": {
					"tcpport": {
					"type": "integer",
					"minimum": 0
				},
				"deviceid": {
					"type": "integer",
					"minimum": 0
				},
				"token": {
				},
				"dayshistory": {
					"type": "integer",
					"minimum": 0,
					"default" : 0
				}
			},
			"dependencies": ["stationid"]
		},
		"fineoffset": {
			"title": "Fine Offset Settings",
			"type": "object",
			"properties": {
				"syncreads" : {
					"type": "boolean"
				},
				"readavoid": {
					"type":"integer",
					"minimum": 1,
					"maximum": 20
				},
				"advanced": {
					"title": "Fine Offset Advanced Options",
					"type": "object",
					"properties": {
						"readtime": {
							"type":"integer",
							"minimum": 10,
							"maximum": 500
						},
						"setlogger": {
							"type": "boolean"
						},
						"vid": {
							"type": "integer",
							"minimum": -1
						},
						"pid": {
							"type": "integer",
							"minimum": -1
						}
					}
				}
			},
			"dependencies": ["stationid"]
		},
		"easyw": {
			"title": "EasyWeather File Settings",
			"type": "object",
			"properties": {
				"interval": {
					"type":"number",
					"minimum": 1
				},
				"filename": {
					"type":"string"
				},
				"minpressmb": {
					"type":"integer",
					"minimum": 800,
					"maximum": 1300
				},
				"maxpressmb": {
					"type":"integer",
					"minimum": 800,
					"maximum": 1300
				},
				"raintipdiff": {
					"type":"integer",
					"minimum": 0,
					"maximum": 100
				},
				"pressoffset": {
					"type":"number",
					"minimum": -9999,
					"maximum": 9999
				}
			},
			"dependencies": ["stationid"]
		},
		"imet": {
			"title": "Instromet Settings",
			"type": "object",
			"properties": {
				"comportname": {
					"type": "string"
				},
				"baudrate": {
					"enum": [19200, 115200]
				},
				"advanced": {
					"title": "Instromet Advanced Options",
					"type": "object",
					"properties": {
						"syncstationclock": {
							"type": "boolean"
						},
						"syncclockhour": {
							"enum": [0,1,2,3,4,5,6,7,8,9,10,11,12,13,14,15,16,17,18,19,20,21,22,23]
						},
						"updatelogpointer": {
							"type": "boolean"
						},
						"waittime": {
							"type":"integer",
							"minimum": 0,
							"maximum": 2000
						},
						"readdelay": {
							"type":"integer",
							"minimum": 0,
							"maximum": 10000
						}
					}
				}
			},
			"dependencies": ["stationid"]
		},
		"wmr928": {
			"title": "WM918/WMR928 Settings",
			"type": "object",
			"properties": {
				"comportname": {
					"type": "string"
				}
			},
			"dependencies": ["stationid"]
		},
		"http-wunder": {
			"title": "HTTP (Wunderground) Settings",
			"type": "object",
			"dependencies": ["stationid"]
		},
		"http-ecowitt": {
			"title": "HTTP (Ecowitt) Settings",
			"type": "object",
			"dependencies": ["stationid"]
		},
		"http-ambient": {
			"title": "HTTP (Ambient) Settings",
			"type": "object",
			"dependencies": ["stationid"]
		},
		"Options": {
			"title": "Common Options",
			"type": "object",
			"properties": {
				"usezerobearing": {
					"type": "boolean"
				},
				"calcwindaverage": {
					"type": "boolean"
				},
				"usespeedforavg": {
					"type": "boolean"
				},
				"use100for98hum": {
					"type": "boolean"
				},
				"calculatedewpoint": {
					"type": "boolean"
				},
				"calculatewindchill": {
					"type": "boolean"
				},
				"calculateet": {
					"type": "boolean"
				},
				"cumuluspresstrendnames": {
					"type": "boolean"
				},
				"roundwindspeeds": {
					"type": "boolean"
				},
				"ignorelacrosseclock": {
					"type": "boolean"
				},
				"extrasensors": {
					"type": "boolean"
				},
				"nosensorcheck": {
					"type": "boolean"
				},
				"advanced": {
					"title": "Advanced Options",
					"type": "object",
					"properties": {
						"avgbearingmins": {
							"type": "integer",
							"minimum": 1,
							"maximum": 120
						},
						"avgspeedmins": {
							"type": "integer",
							"minimum": 1,
							"maximum": 120
						},
						"peakgustmins": {
							"type": "integer",
							"minimum": 1,
							"maximum": 120
						},
						"maxwind": {
							"type": "integer",
							"minimum": 1,
							"maximum": 9999
						},
						"recordtimeout": {
							"type": "integer",
							"minimum": 1,
							"maximum": 999
						},
						"snowdepthhour": {
							"enum": [0,1,2,3,4,5,6,7,8,9,10,11,12,13,14,15,16,17,18,19,20,21,22,23]
						},
						"raindaythreshold": {
							"type": "number",
							"minimum": -1,
							"maximum": 1
						}
					}
				},
				"stationid": {
				}
			},
			"dependencies": {
				"ignorelacrosseclock": ["stationid"]
			}
		},
		"Forecast": {
			"title": "Forecast",
			"type": "object",
			"properties": {
				"usecumulusforecast": {
					"type": "boolean"
				},
				"updatehourly": {
					"type": "boolean"
				},
				"lowpressureextreme": {
					"minimum": 0,
					"type": "number"
				},
				"highpressureextreme": {
					"minimum": 0,
					"type": "number"
				},
				"pressureunit": {
					"enum": [
						"mb/hPa",
						"inHg"
					]
				}
			},
			"dependencies": {
				"updatehourly": ["usecumulusforecast"],
				"lowpressureextreme": ["usecumulusforecast"],
				"highpressureextreme": ["usecumulusforecast"],
				"pressureunit": ["usecumulusforecast"]
			}
		},
		"Solar": {
			"title": "Solar",
			"type": "object",
			"properties": {
				"solarcalc": {
					"enum": [0, 1]
				},
				"sunthreshold": {
					"type": "integer",
					"minimum": 0,
					"maximum": 100
				},
				"solarmin": {
					"type": "integer",
					"minimum": 0
				},
				"transfactor": {
					"dependencies": ["solarcalc"],
					"type": "number",
					"minimum": 0,
					"maximum": 1
				},
				"turbidity": {
					"dependencies": ["solarcalc"],
					"type": "number",
					"minimum": 0,
					"maximum": 5
				}
			},
			"dependencies": "stationid"
		},
		"AnnualRainfall": {
			"title": "Annual Rainfall",
			"type": "object",
			"properties": {
				"ytdamount": {
					"type": "number",
					"minimum": 0
				},
				"ytdyear": {
					"type": "integer",
					"maximum": 2050
				},
				"rainseasonstart": {
					"enum": [1,2,3,4,5,6,7,8,9,10,11,12]
				}
			}
		},
		"GrowingDD": {
			"title": "Growing Degree Days",
			"type": "object",
			"properties": {
				"starts": {
					"type": "integer",
					"minimum": 1,
					"maximum": 12
				},
				"basetemp1": {
					"type": "number",
					"minimum": 0,
					"maximum": 70
				},
				"basetemp2": {
					"type": "number",
					"minimum": 0,
					"maximum": 70
				},
				"cap30C": {
					"type": "boolean"
				}
			}
		},
		"TempSum": {
			"title": "Annual Temperature Sum",
			"type": "object",
			"properties": {
				"starts": {
					"type": "integer",
					"minimum": 1,
					"maximum": 12
				},
				"basetemp1": {
					"type": "number",
					"minimum": 0,
					"maximum": 70
				},
				"basetemp2": {
					"type": "number",
					"minimum": 0,
					"maximum": 70
				}
			}
		},
		"ChillHrs": {
			"title": "Chill Hours",
			"type": "object",
			"properties": {
				"threshold": {
					"type": "number"
				},
				"month": {
					"type": "integer",
					"minimum": 1,
					"maximum": 12
				}
			}
		},
		"Graphs": {
			"title": "Graphs",
			"type": "object",
			"properties": {
				"graphhours": {
					"type": "number",
					"minimum": 1
				},
				"graphdays": {
					"type": "number",
					"minimum": 1
				},
				"datavisibility": {
					"title": "Data Series Visibility",
					"type": "object",
					"properties": {
						"temperature": {
							"title": "Temperature Data",
							"type": "object",
							"properties": {
								"graphTempVis": {
									"type": "boolean"
								},
								"graphInTempVis": {
									"type": "boolean"
								},
								"graphHeatIndexVis": {
									"type": "boolean"
								},
								"graphDewPointVis": {
									"type": "boolean"
								},
								"graphWindChillVis": {
									"type": "boolean"
								},
								"graphAppTempVis": {
									"type": "boolean"
								},
								"graphFeelsLikeVis": {
									"type": "boolean"
								},
								"graphHumidexVis": {
									"type": "boolean"
								},
								"graphDailyMaxTempVis": {
									"type": "boolean"
								},
								"graphDailyAvgTempVis": {
									"type": "boolean"
								},
								"graphDailyMinTempVis": {
									"type": "boolean"
								},
								"graphTempSumVis0": {
									"type": "boolean"
								},
								"graphTempSumVis1": {
									"type": "boolean"
								},
								"graphTempSumVis2": {
									"type": "boolean"
								}
							}
						},
						"humidity": {
							"title": "Humidity Data",
							"type": "object",
							"properties": {
								"graphHumVis": {
									"type": "boolean"
								},
								"graphInHumVis": {
									"type": "boolean"
								}
							}
						},
						"solar": {
							"title": "Solar Data",
							"type": "object",
							"properties": {
								"graphUvVis": {
									"type": "boolean"
								},
								"graphSolarVis": {
									"type": "boolean"
								},
								"graphSunshineVis": {
									"type": "boolean"
								}
							}
						},
						"degreedays": {
							"title": "Degree Days",
							"type": "object",
							"properties": {
								"graphGrowingDegreeDaysVis1": {
									"type": "boolean"
								},
								"graphGrowingDegreeDaysVis2": {
									"type": "boolean"
								}
							}
						}
					}
				}
			}
		},
		"DisplayOptions": {
			"title": "Display Options",
			"type": "object",
			"properties": {
				"useapparent": {
					"type": "boolean"
				},
				"displaysolar": {
					"type": "boolean"
				},
				"displayuv": {
					"type": "boolean"
				},
				"windrosepoints": {
					"enum": [8, 16]
				}
			}
		}
	}
}
