{
	"type": "object",
	"properties": {
		"accessible": {
			"type": "boolean"
		},
		"airquality": {
			"title": "Air Quality Settings",
			"type": "object",
			"properties": {
				"primaryaqsensor": {
					"enum": [-1, 0, 5, 1, 2, 3, 4, 6]
				},
				"aqi": {
					"enum": [0, 1, 2, 3, 4, 5, 6, 7]
				}
			}
		},
		"airLink": {
			"title": "Davis AirLink",
			"type": "object",
			"properties": {
				"isNode": {
					"type": "boolean"
				},
				"apiKey": {
				},
				"apiSecret": {
				},
				"autoUpdateIp": {
					"type": "boolean"
				},
				"indoor": {
					"title": "Indoor AirLink",
					"type": "object",
					"properties": {
						"enabled": {
							"type": "boolean"
						},
						"ipAddress": {
						},
						"hostname": {
						},
						"stationId": {
						}
					},
					"dependencies": {
						"ipAddress": ["enabled"],
						"hostname": ["enabled"],
						"stationId": ["enabled"]
					}
				},
				"outdoor": {
					"title": "Outdoor AirLink",
					"type": "object",
					"properties": {
						"enabled": {
							"type": "boolean"
						},
						"ipAddress": {
						},
						"hostname": {
						},
						"stationId": {
						}
					},
					"dependencies": {
						"ipAddress": ["enabled"],
						"hostname": ["enabled"],
						"stationId": ["enabled"]
					}
				}
			},
			"dependencies": {
				"apiKey": ["isNode"],
				"apiSecret": ["isNode"]
			}
		},
		"httpSensors":{
			"title": "Use a HTTP Station for extra sensors",
			"type": "object",
			"properties": {
				"extraStation": {
					"enum": [-1, 0, 1]
				},
				"ecowitt": {
					"title": "Ecowitt",
					"type": "object",
					"properties": {
						"useSolar": {
							"type": "boolean"
						},
						"useUv": {
							"type": "boolean"
						},
						"useTempHum": {
							"type": "boolean"
						},
						"useSoilMoist": {
							"type": "boolean"
						},
						"useLeafWet": {
							"type": "boolean"
						},
						"useUserTemp": {
							"type": "boolean"
						},
						"useAQI": {
							"type": "boolean"
						},
						"useCo2": {
							"type": "boolean"
						},
						"useLightning": {
							"type": "boolean"
						},
						"useLeak": {
							"type": "boolean"
						}
					}
				},
				"ambient": {
					"title": "Ambient",
					"type": "object",
					"properties": {
						"useSolar": {
							"type": "boolean"
						},
						"useUv": {
							"type": "boolean"
						},
						"useTempHum": {
							"type": "boolean"
						},
						"useSoilMoist": {
							"type": "boolean"
						},
						"useAQI": {
							"type": "boolean"
						},
						"useLightning": {
							"type": "boolean"
						},
						"useLeak": {
							"type": "boolean"
						}
					}
				}
			},
			"dependencies": {
				"ecowitt": ["extraStation"],
				"ambient": ["extraStation"]
			}
		},
		"blakeLarsen": {
			"title": "Blake-Larsen Sunshine recorder",
			"type": "object",
			"properties": {
				"enabled": {
					"type": "boolean"
				}
			}
		},
		"rg11": {
			"title": "Hydreon RG-11 rain device(s)",
			"type": "object",
			"properties": {
				"port1": {
					"title": "Device 1",
					"type": "object",
					"properties": {
						"enabled": {
							"type": "boolean"
						},
						"commPort": {
						},
						"tipMode": {
							"type": "boolean"
						},
						"tipSize": {
						},
						"dtrMode": {
							"type": "boolean"
						}
					},
					"dependencies": {
						"commPort": ["enabled"],
						"tipMode": ["enabled"],
						"tipSize": ["enabled"],
						"dtrMode": ["enabled"]
					}
				},
				"port2": {
					"title": "Device 2",
					"type": "object",
					"properties": {
						"enabled": {
							"type": "boolean"
						},
							"commPort": {
						},
						"tipMode": {
							"type": "boolean"
						},
						"tipSize": {
						},
						"dtrMode": {
							"type": "boolean"
						}
					},
					"dependencies": {
						"commPort": ["enabled"],
						"tipMode": ["enabled"],
						"tipSize": ["enabled"],
						"dtrMode": ["enabled"]
					}
				}
			}
		}
	}
}
