{
    "fields": {
        "accessible": {
            "rightLabel": "Enable accessibility features",
            "helper": "Changes the behaviour of the settings screens to make them more accessible. This will dynamically change this page, but you still need to save the setting."
        },
        "startup": {
            "collapsible": true,
            "collapsed": true,
            "fields": {
                "startuphostping": {
                    "helper": "Add a hostname or IP to address to ping at start-up. Cumulus waits until the ping is successful before trying to read from your station. Leave blank to disable"
                },
                "startuppingescape": {
                    "helper": "Specify a time after which if no ping response is received carry on starting Cumulus MX anyway. Ignored if the host ping field is blank. Time in minutes"
                },
                "startupdelay": {
                    "helper": "Add a delay before the Cumulus tries to start reading the station. Set to zero to disable. Note if a start-up ping host is specified, this timer will start after the ping is successful. Time in seconds"
                },
                "startupdelaymaxuptime" : {
                    "helper": "The maximum system uptime to apply the delay. If the system uptime is greater than this value then the delay will not be applied. Set to zero to disable (delay will always be applied). Time in seconds"
                }
            }
        },
        "logging": {
            "collapsible": true,
            "collapsed": true,
            "fields": {
                "debuglogging": {
                    "rightLabel": "Debug logging",
                    "helper": "Enable extra diagnostic logging to the MX diags files."
                },
                "datalogging": {
                    "rightLabel": "Data logging",
                    "helper": "Enable diagnostic logging to the MX diags files of data transfers from the station."
                },
                "ftplogging": {
                    "rightLabel": "FTP logging",
                    "helpers": [
                        "Log FTP activity to ftplog.txt and to MX diags for diagnostic purposes",
                        "Note: SFTP only logs to the MX diags file"
                    ]
                },
                "emaillogging": {
                    "rightLabel": "Email logging",
                    "helper": "Enable extra SMTP logging to the smtp.log file in the MXdiags folder."
                },
                "spikelogging": {
                    "rightLabel": "Spike logging",
                    "helper": "Enable the logging of data spike and limit violations to  MX diags files."
                }
            }
        },
        "options": {
            "collapsible": true,
            "collapsed": true,
            "fields": {
                "stopsecondinstance": {
                    "rightLabel": "Stop second instance",
                    "helper": "Prevent multiple instances of Cumulus running. This setting requires a restart to take effect"
                },
                "listwebtags": {
                    "rightLabel": "List web tags",
                    "helper": "Every time Cumulus MX is started it will create listing of all web tags in the 'WebTags.txt' file."
                }
            }
        },
        "culture": {
            "collapsible": true,
            "collapsed": true,
            "fields": {
                "removespacefromdateseparator": {
                    "rightLabel": "Remove space character from date separators (if present)",
                    "helpers": [
                        "CAUTION: Changing this may render your existing data files unreadable by Cumulus MX",
                        "Globally change the default date separator for your locale by removing any spaces. Eg. change 'dd. mm. yy' to 'dd.mm.yy'"
                    ]
                }
            }
        }
    }
}